cust_id,company1,city,type
I11111,**** DO NOT SHIP *****,,LOOKUP
17MILE,17 MILE HOUSE PUB,VICTORIA,TOWN
2ROOST,2 ROOSTER FARM,PARKSVILLE,UPISLAND
328TAP,328 TAPHOUSE & GRILL,VICTORIA,TOWN
3RDST,3RD ST CAFE dba,SIDNEY,TOWN
4QUART,4 QUARTERS RESTAURANT,CUMBERLAND,FREIGHT
49THCE,49TH PARALLEL CEDAR #3,NANAIMO,UPISLAND
49THPL5,49TH PARALLEL CHEMAINUS #5 (dba),CHEMAINUS,UPISLAND
49THDU,49TH PARALLEL DUNCAN,DUNCAN,UPISLAND
49THPL,49TH PARALLEL LADYSMITH,LADYSMITH,UPISLAND
AACATE,A.A. CATERING,QUALICUM BEACH,FREIGHT
ACACIA,ACACIA TY MAWR(SGP)51205,SHAWNIGAN LAKE,UPISLAND
ACROPO,ACROPOLIS KUIZINA,CAMPBELL RIVER,FREIGHT
ADRANN,ADRIANA'S ... THE WHOLE ENCHILADA,VICTORIA,TOWN
ADRTEA,ADRIENNE'S TEA GARDEN,VICTORIA,TOWN
AEGEAN,AEGEAN CAFE,VICTORIA,TOWN
AINSL,"AINSLIE, THE dba",DUNCAN,UPISLAND
AIOLI,AIOLI SEAFOOD RESTAURANT,PARKSVILLE,UPISLAND
ALBERN,ALBERNI GOLF CLUB LTD.,PORT ALBERNI,FREIGHT
ALEXAN,ALEXANDER MACKIE LODGE 8107 - 9067,LANGFORD,TOWN
ALIAH,ALIA HALAL MEAT & DELI INC.,VICTORIA,TOWN
HEMMER,ALLAN HEMMERLING,VICTORIA,TOWN
ALYSAS,ALYSA'S PHO & BANH MI dba,VICTORIA,TOWN
AM2PM,AM2PM CONVENIENCE STORE,VICTORIA,TOWN
AMY'SC,AMY'S CATERING,VICTORIA,TOWN
ANCHORIN,ANCHOR INN & SUITES,CAMPBELL RIVE,FREIGHT
APPLET,APPLETREE RESTAURANT,VICTORIA,TOWN
AQUATRO,AQUA TROMOY,GRIMSTAD,NORWAY
ARBFAR,ARBUTUS RIDGE FARMS,DUNCAN,UPISLAND
ARBGOLF,ARBUTUS RIDGE GOLF dba,COBBLE HILL,UPISLAND
ARCHIPEL,ARCHIPELAGOS BISTRO,PORT McNEILL,FREIGHT
ARIGATO,ARIGATO SUSHI dba,SALTSPRING ISLAND,UPISLAND
ARMYNA,ARMY NAVY VETERANS OF CANADA,SIDNEY,TOWN
ARROWOOD,ARROWOOD CATERING,VICTORIA,TOWN
ARROWS,ARROWSMITH GOLF & COUNTRY CLUB,QUALICUM BEACH,FREIGHT
ARTISAN,ARTISAN BISTRO,VICTORIA,TOWN
ARTCAF,ARTISAN CAFE,VICTORIA,TOWN
ASTERA,ASTERAS GREEK TAVERNA,NANAIMO,UPISLAND
ATLASC,ATLAS CAFE,COURTENAY,FREIGHT
AUNTIE,AUNTIE PESTO'S CAFE & DELI,SALT SPRING ISLAND,UPISLAND
AVEBIS,AVENUE BISTRO(2007) INC dba,COMOX,FREIGHT
AYREMA,AYRE MANOR LODGE(CPS)08107 7464,SOOKE,TOWN
AZTECA,AZTECA TACOS AND GRILL dba,VICTORIA,TOWN
BCFERN,B.C. FERRIES - NANAIMO,NANAIMO,UPISLAND
BCFERS,B.C. FERRIES - SWARTZ BAY,SIDNEY,TOWN
BCTEST,B.C. FERRIES TEST KITCHEN,SIDNEY,TOWN
BAKEM,BAKE MY DAY dba,DUNCAN,UPISLAND
BAMBOOI,BAMBOO INN RESTAURANT,COMOX,FREIGHT
BANNER,BANNERS RESTAURANT 2003,CAMPBELL RIVER,FREIGHT
BARBSP,BARB'S PLACE LIMITED,VICTORIA,TOWN
BARTHOL,BARTHOLOMEWS PUB dba,VICTORIA,TOWN
BAYNES,BAYNES SOUND OYSTERS,UNION BAY,FREIGHT
BCFORE,BC FOREST DISCOVERY CENTRE,DUNCAN,UPISLAND
BCHCLB,BEACH CLUB RESORT,CALGARY,N/A
BHREST,"BEACH HOUSE RESTAURANT,THE  dba",VICTORIA,TOWN
BEACHE,BEACHES GROCERY,TOFINO,FREIGHT
BEADRI,BEACON DRIVE IN,VICTORIA,TOWN
BEACONH,BEACON HILL VILLA (SGP)#51272,VICTORIA,TOWN
BEACON,BEACON LANDING BAR & GRILL (2010)LTD.,SIDNEY,TOWN
FLYING,BEAGLE PUB,VICTORIA,TOWN
BEAU,BEAUREGARD CAFE & PROVISIONS,BRENTWOOD BAY,TOWN
BEDFOR,BEDFORD REGENCY HOTEL dba,VICTORIA,TOWN
SGPBEECH,BEECHWOOD VILLAGE (SGP) 51170,SIDNEY,TOWN
MAHONE,BELLEVILLE'S WATERING HOLE & DINER,VICTORIA,TOWN
BELMONTS,BELMONT SECONDARY SCHOOL SD#62,VICTORIA,TOWN
BENNE,BENNETT BAY BISTRO,MAYNE ISLAND,P/U
BENTM,"BENT MAST, THE dba",VICTORIA,TOWN
BERRYM,BERRYMAN BROTHERS BUTCHERIES LTD,VICTORIA,TOWN
BESTWE,BEST WESTERN BARCLAY HOTEL,PORT ALBERNI,FREIGHT
BESTWD,BEST WESTERN DORCHESTER HOTEL dba,NANAIMO,UPISLAND
GRAPEV,BEST WOK REST.(CAMPBELL RIVER),CAMPBELL RIVER,FREIGHT
BETHRE,BETHLEHEM RETREAT CENTRE,NANAIMO,UPISLAND
COWBAYSE,BETTER SEAFOOD SUPPLY LTD,VICTORIA,TOWN
BIGAPPLE,BIG APPLE CATERING,NANAIMO,UPISLAND
BIGDAD,BIG DADDY'S FISH FRY,TOFINO,FREIGHT
BIGRO,BIG ROCK GARAGE RESTAURANT & LOUNGE dba,CAMPBELL RIVER,FREIGHT
BIGSC,"BIG SCOOP, THE",DUNCAN,UPISLAND
BIGWHEEL,BIG WHEEL BURGER INC.,VICTORIA,TOWN
BINESQ,BINGO ESQUIMALT,VICTORIA,TOWN
BISQUE,BISQUE RESTAURANT,COURTENAY,FREIGHT
BISTES,BISTRO ESCAPE LTD.,PORT HARDY,FREIGHT
BITS,BITS & BITES BISTRO dba,COLWOOD,TOWN
BJ'SBA,BJ'S BAKERY,BRENTWOOD,TOWN
BLACKBRD,BLACK BIRD SCHNITZEL HAUS LTD.,QUALICUM BEACH,FREIGHT
BLACKG,BLACK GOOSE INN,PARKSVILLE,UPISLAND
BLACKM,BLACK MARKET MEATS,SOOKE,TOWN
BLACKR,BLACK ROCK OCEANFRONT RESORT,UCLUELET,FREIGHT
BLACKF,BLACKFIN PUB,COMOX,FREIGHT
BLIGHTY,BLIGHTY'S BISTRO dba,VICTORIA,TOWN
BLUEDO,BLUE DOOR CAFE(1989),PT ALBERNI,FREIGHT
BLUEEY,BLUE EYES CATERING,SAANICHTON,TOWN
BLUE'S,BLUE'S BAYOU CAFE,BRENTWOOD BAY,TOWN
BOLDKN,BOLD KNIGHT RESTAURANT,NANAIMO,UPISLAND
BONNIE,BONNIE MARTIN EATS,CHEMANIUS,UPISLAND
BOOM,BOOM & BATTEN,VICTORIA,TOWN
BOONDOCK,BOONDOCK'S BAR & GRILL dba,SIDNEY,TOWN
BOUMAS,BOUMA'S MEAT MARKET,LADYSMITH,UPISLAND
BRADPC,BRAD PRICE CASH SALES,,LOOKUP
BRADFUN,BRAD PRICE FUNDRAISER,,LOOKUP
BRADPR,BRAD PRICE PROMO ACCT.,NANAIMO,UPISLAND
BRADYS,BRADY'S FISH & CHIPS,VICTORIA BC,TOWN
BRASSB,BRASS BELL PUB,CROFTON,UPISLAND
BREAD,BREAD & BUTTER CATERING,VICTORIA,TOWN
BBBAYR,BRENTWOOD BAY RESORT & SPA dba,VICTORIA,TOWN
BBVE,BRENTWOOD BAY VILLAGE EMPOURIUM,BRENTWOOD BAY,TOWN
BRENCO,BRENTWOOD COLLEGE,MILL BAY,UPISLAND
BRENTWRO,BRENTWOOD ROTARY CLUB,BRENTWOOD BAY,TOWN
BRENSC,BRENTWOOD SCOUTS,,LOOKUP
BREWS,BREWSKY'S TAPHOUSE,BRENTWOOD BAY,TOWN
BRIMAN,BRIDGEMAN'S BISTRO,MILL BAY,UPISLAND
BRITBO,BRITISH BOBBY RESTAURANT - new owners,PARKSVILLE,UPISLAND
BROADM,BROADMEAD LODGE (CPS) 08107 7278,VICTORIA,TOWN
BROOKES,BROOKES WESTSHORE dba,COLWOOD,TOWN
BROUST,BROUGHTON ST. DELI,VICTORIA,TOWN
BROWNS,BROWNS SOCIAL HOUSE,VICTORIA,TOWN
BRUCE,BRUCE'S MEATING PLACE,FANNY BAY,FREIGHT
BUDDIE,BUDDIES NATURAL PET FOODS LTD.,DUNCAN,UPISLAND
BUDCAN,BUDS CANNABIS dba,VICTORIA,TOWN
BUFFY'S,BUFFY'S PUB,SOOKE,TOWN
BUNNYS,BUNNY'S KITCHEN dba,VICTORIA,TOWN
BURFUND,BURKE  FUNDRAISERS,Duncan,UPISLAND
BURKES,BURKE'S CASH SALES,,LOOKUP
BURPRO,BURKE'S PROMO ACCOUNT,,LOOKUP
BUTCHA,BUTCHART GARDENS,BRENTWOOD BAY,TOWN
BUTCHER,BUTCHER BLOCK,COURTENAY,FREIGHT
BUZZY'S,BUZZY'S LUNCHEONETTE,SALTSPRING ISLAND,UPISLAND
BYRNES,BYRNES PERKINS & COEY,VICTORIA,TOWN
BYRONFO,BYRON'S FOOD MARKET dba,LADYSMITH,UPISLAND
COWVAI,C.V. STATION PUB & CHOICES REST. dba,DUNCAN,UPISLAND
C2CSEA,C2C PREMIUM SEAFOOD,RICHMOND,VAN
CAFMEX,CAFE MEXICO LTD,VICTORIA,TOWN
CAFFEF,CAFFE FANTASTICO,VICTORIA,TOWN
CALEDON,CALEDONIA MEATS,VICTORIA,TOWN
CAMAS,CAMAS FINE FOODS INC.,LANTZVILLE,UPISLAND
CAMELO,CAMELOT(SGP)51026,VICTORIA,TOWN
CAMOSU,CAMOSUN COLLEGE,VICTORIA,TOWN
CAMPQW,CAMP QWANOES,CROFTON,UPISLAND
CANADI,CANADIAN FORCES SAILING ASSOC.,VICTORIA,TOWN
HARCAN,CANOE CLUB,VICTORIA,TOWN
CAPHOTEL,CAPITAL CITY CENTER HOTEL,VICTORIA,TOWN
CAPCITY,CAPITAL CITY YACHT CLUB,SIDNEY,TOWN
CAPGEO,CAPTAIN GEORGE'S SEAFOOD,PARKSVILLE,UPISLAND
CARECO,CARE + COMPANY dba,VICTORIA,TOWN
CARLTO,CARLTON HOUSE  (CPS)  08107   7310,VICTORIA,TOWN
CARRIE,CARRIE MIDDLEMISS dba,CHEMAINUS,UPISLAND
CASALO,CASA LOMA SENIORS VILLAGE(SGP)51273,COURTENAY,FREIGHT
CASANO,CASA NOVA CATERING,VICTORIA,TOWN
CASAC,CASA PHILIPPINE CUISINES INC,VICTORIA,TOWN
CCKIT,CASSIDY COUNTRY KITCHEN,NANAIMO,UPISLAND
CASSID,CASSIDY FARM MARKET,CASSIDY,UPISLAND
CATEGORY,CATEGORY 12 BREWING INC.,SAANICHTON,TOWN
CATERIN,CATERINGS BY MARTINE,GALIANO ISLAND,P/U
CATHYS,CATHY'S CORNER CAFE,SOOKE,TOWN
CCGSJAC,CDN COAST GUARD - CAPT. JACQUES CARTIER,DARTMOUTH,N/A
CCGMCH,CDN COAST GUARD - M. CHARLES M.B.,VICTORIA,TOWN
CCGSFR,CDN COAST GUARD - SIR JOHN FRANKLIN,VICTORIA,TOWN
CCGCAG,CDN COAST GUARD -CAPT GODDARD MSM,VICTORIA,TOWN
CCGSTU,CDN. COAST GRD - JOHN P. TULLY,VICTORIA,TOWN
CCGBAR,CDN. COAST GUARD - BARTLETT,VICTORIA,TOWN
CCGGOR,CDN. COAST GUARD - GORDON REID,VICTORIA,TOWN
CCGSWGR,CDN. COAST GUARD - SIR WILFRED GRENFELL,VICTORIA,TOWN
CCGSIR,CDN. COAST GUARD - SIR WILFRID LAURIER,VICTORIA,TOWN
CCGSTA,CDN. COAST GUARD - TANU,VICTORIA,TOWN
CCGSVE,CDN. COAST GUARD - VECTOR,VICTORIA,TOWN
ROMANSP,CEDAR GRILL,UCLUELET,FREIGHT
CEDARH,CEDAR HILL GOLF COURSE,VICTORIA,TOWN
CEDARCH,CEDARS AT COBBLE HILL (SGP) #51359,COBBLE HILL,UPISLAND
CEDARS,CEDARS(CPS)08107 7447,VICTORIA,TOWN
CEDRICKS,CEDRICKS CAFE & COFFEE HOUSE,CROFTON,UPISLAND
CENKEL,CENTENNIAL - KELOWNA,KELOWNA,N/A
CENCAL,CENTENNIAL FOODS - CALGARY,CALGARY,N/A
CENINT,CENTENNIAL FOODS - INTERBRANCH SALES,ACCOUNTS,LOOKUP
CENTREG,CENTENNIAL FOODS - REGINA,REGINA,N/A
CENTSAS,CENTENNIAL FOODS - SASKATOON,SASKATOON,LOOKUP
CENPRG,CENTENNIAL FOODSERVICE - PRINCE GEORGE,PRINCE GEORGE,N/A
CENRIC,CENTENNIAL FOODSERVICE - RICHMOND,RICHMOND,VAN
CENTHQ,CENTENNIAL FOODSERVICE CBC,CALGARY,N/A
CENTRA,CENTRAL SAANICH LITTLE LEAGUE,BRENTWOOD BAY,TOWN
CSSCA,CENTRAL SAANICH SENIOR CITIZENS ASSN,BRENTWOOD BAY,TOWN
CSVFA,CENTRAL SAANICH VOLUNTEER FIREFIGHTERS,SAANICHTON,TOWN
LAZCFB,CFB COMOX FOOD SERVICE,COMOX,FREIGHT
CDNCAN,CG -CANADIAN CANCER SOC. LODGE 63347,VICTORIA,TOWN
EUREST,CG -EUREST DINING SERVICES - # 60611,NANAIMO,UPISLAND
CHAKA,CHAKALAKA BAR & GRILL dba,LADYSMITH,UPISLAND
CHARIM,CHANCES RIMROCK GAMING CENTRE,PORT ALBERNI,FREIGHT
CHARLES,CHARLES DICKENS PUB,SIDNEY,TOWN
PARROT,CHATEAU VICTORIA,VICTORIA,TOWN
CHEFED,CHEF EDGE CATERING,VICTORIA,TOWN
CHEFON,CHEF ON THE RUN,SIDNEY,TOWN
CHSENSE,CHEFSENSE KITCHEN SUPPLIES,COURTENAY,FREIGHT
CHEHEA,CHEMAINUS HEALTH CARE (CPS) 08107 7329,CHEMANIUS,UPISLAND
CHEMPM,CHEMAINUS PUBLIC MARKET Ltd.,CHEMAINUS,UPISLAND
CHETHE,CHEMAINUS THEATRE SOCIETY,CHEMAINUS,UPISLAND
CHERISH,CHERISH AT CEN PRK dba(CPS) 08107 9064,VICTORIA,TOWN
CHEICE,CHERRIES ICE CREAM PARLOR 2017,DUNCAN,UPISLAND
CHERYL,CHERYL'S GOURMET PANTRY,VICTORIA,TOWN
CHILDR,CHILDREN OF THE ISL CHILDCARE CENTRE INC,VICTORIA,TOWN
CHOPPI,CHOPPING BLOCK,POWELL RIVER,FREIGHT
CHRISTI,CHRISTIE'S PUB dba,VICTORIA,TOWN
CHREST,CHUCK'S RESTAURANT GROUP LTD,VICTORIA,TOWN
CHUNKY,CHUNKY KITCHEN CATERING,VICTORIA,TOWN
SUNOC,CHURCH AND STATE WINES dba,BRENTWOOD BAY,TOWN
CHSTBAK,CHURCH ST. BAKERY,COMOX,FREIGHT
CIRCLE,CIRCLE DAIRY,PORT ALBERNI,FREIGHT
CLAMB,"CLAMBUCKET RESTAURANT LTD, THE",PORT ALBERNI,FREIGHT
CLARKE,CLARKE & CO,VICTORIA,TOWN
CLAYQU,CLAYOQUOT WILDERNESS RESORT,VANCOUVER,VAN
CLOVES,CLOVES CATERING,COURTENAY,FREIGHT
CLUXEWE,CLUXEWE WATERFRONT BISTRO dba,PORT HARDY,FREIGHT
COASTB,COAST BASTION HOTEL,NANAIMO,UPISLAND
CSTVIC,COAST VICTORIA HARBOURSIDE,VICTORIA,TOWN
COASTALC,COASTAL CHARTERS,TOFINO,FREIGHT
COASTC,COASTAL COOKERY LTD,POWELL RIVER,FREIGHT
CSTCUC,COASTAL CULINARY CREATIONS,NANAIMO,UPISLAND
COBBLS,COBBLESTONE INN LTD.,COBBLE HILL,UPISLAND
COCINA,COCINA PEQUENA,VICTORIA,TOWN
COCKNE,COCKNEY PRIDE,QUALICUM BEACH,FREIGHT
CODFSEA,COD FATHER SEAFOOD dba,PORT ALBERNI,FREIGHT
CODSQU,COD SQUAD FISH AND CHIPS dba,NANAIMO,UPISLAND
COFFEE,COFFEE ON THE MOON,DUNCAN,UPISLAND
COFFE,COFFEE SHACK,DUNCAN,UPISLAND
COKELY,COKELY MANOR      CPS  9214   7395,PARKSVILLE,UPISLAND
COMMON,COMMON GROUND SERVICES,COURTENAY,FREIGHT
CVSRVI,COMOX VALLEY SENIOR VILLAGE(SGP)#51274,COURTENAY,FREIGHT
COMPASS,COMPASS MEXICAN BISTRO dba,SHAWNIGAN LAKE,UPISLAND
COMPLE,COMPLETE CUISINE,VICTORIA,TOWN
CCHEF,CONVENIENT CHEF dba,POWELL RIVER,FREIGHT
COOKSTV,COOK STREET VILLAGE ACTIVITY CENTRE,VICTORIA,TOWN
COOKSR,COOKS RESAURANT dba,CUMBERLAND,FREIGHT
CORDBG,CORDOVA BAY GOLF COURSE,VICTORIA,TOWN
CORSOF,CORDOVA BAY SOFTBALL,VICTORIA,TOWN
CORNTABL,"CORNER TABLE, THE",SHAWNIGAN LAKE,UPISLAND
CORNERS,CORNERSTONE CAFE & TAPHOUSE dba,COURTENAY,FREIGHT
CORRUP,CORRUPTION CLUB,QUALICUM BEACH,FREIGHT
COSPIZ,COSMOS PIZZA & CHICKEN - COURTENAY,COURTENAY,FREIGHT
COSTAD,COSTA DEL SOL,POWELL RIVER,FREIGHT
COTTAGE,COTTAGE BAKERY & CAFE dba,VICTORIA,TOWN
COTTONW,COTTONWOOD GOLF INC.,CASSIDY,UPISLAND
COUNTR,COUNTRY GROCER - COBBLE HILL dba,COBBLE HILL,UPISLAND
COUNGR,COUNTRY GROCER - ESQUIMALT #2 dba,VICTORIA,TOWN
COUGR3,COUNTRY GROCER - W. SAANICH #3 dba,VICTORIA,TOWN
COUGNN,COUNTRY GROCER -Dufferin-NORTH NANAIMO,NANAIMO,UPISLAND
LAKECM,COUNTRY GROCER -LAKE COWICHAN,LAKE COWICHAN,UPISLAND
GANGES,COUNTRY GROCER -SALT SPRING,SALTSPRING ISLAND,UPISLAND
COUNTP,COUNTRY PIES,COOMBS,FREIGHT
COURMAR,COURTENAY COUNTRY MARKET LTD.,COURTENAY,FREIGHT
COWBAY,COW BAY MARINE PUB,COWICHAN BAY,UPISLAND
COWCAFE,COW CAFE AND COOKHOUSE L.C.,LAKE COWICHAN,UPISLAND
COWCAFW,COW CAFE WEST COAST GRILL dba,COWICHAN BAY,UPISLAND
COWDIS,COWICHAN DISTRICT HOSP. (CPS) 08107 7409,DUNCAN,UPISLAND
COWICL,COWICHAN LODGE(CPS) 08107 9189,DUNCAN,UPISLAND
COWPAS,COWICHAN PASTA COMPANY,COWICHAN BAY,UPISLAND
CSDRYGRD,COWICHAN SECONDARY DRY GRAD 2019,DUNCAN,UPISLAND
COWISOC,COWICHAN VALLEY SOCCER ASSOC.,DUNCAN,UPISLAND
SEREN,CPS SERENITY LODGE 8107 9031,NANAIMO,UPISLAND
CRABBO,CRABBY BOB'S SEAFOOD INC.,CAMPBELL RIVER,FREIGHT
CREDIT,CREDIT TO WRITE OFF ACCOUNT,,LOOKUP
CREEK,CREEKSIDE CUSTOM FOODS,DELTA,VAN
CRIDGE,CRIDGE CENTRE (CPS)08107 7385,VICTORIA,TOWN
CRISP,"CRISP FISH LTD, THE",VICTORIA,TOWN
CROFTO,CROFTON FOODS,CROFTON,UPISLAND
CROFHO,CROFTON HOTEL,CROFTON,UPISLAND
CROOKED,CROOKED GOOSE(dba),VICTORIA,TOWN
CROSRO,CROSSROADS PUB AND RESTAURANT dba,SAYWARD,FREIGHT
CROWN,CROWN AND ANCHOR ROADHOUSE PUB,QUALICUM BEACH,FREIGHT
CROWNI,CROWN ISLE GOLF CLUB,COURTENAY,FREIGHT
CROWNM,CROWN MANSION BOUTIQUE HOTEL & VILLAS,QUALICUM BEACH,FREIGHT
CUCKOO,CUCKOO TRATTORIA PIZZERIA,COOMBS,FREIGHT
CULACC,CULACCINO LTD,POWELL RIVER,FREIGHT
CUMBER,CUMBERLAND HEALTH CTR (CPS) 08107  7338,CUMBERLAND,FREIGHT
CLAKCON,CUMBERLAND LAKE PARK CONCESSION,COURTENAY,FREIGHT
CUPOFJO,CUP OF JOE,VICTORIA,TOWN
CUREART,CURE ARTISAN MEAT AND CHEESE,COWICHAN BAY,UPISLAND
CURRYP,CURRY POINT (MAYFAIR)dba,VICTORIA,TOWN
DATANG,DA TANG SEAFOOD RESTAURANT dba,NANAIMO,UPISLAND
DADS,DAD'S SOUPS AND SANGY'S dba,VICTORIA,TOWN
DAGWOO,DAGWOODS DINER & MORE,SALT SPRING ISLAND,UPISLAND
DAK-CA,DAK-CAFE RESTAURANT dba,VICTORIA,TOWN
DANMKT,DANIEL'S MARKET dba,SOOKE,TOWN
DARCYC,DARCY GALLANT CASH SALE ACCOUNT,,LOOKUP
DARGFUN,DARCY GALLANT FUNDRAISER,,LOOKUP
DARPRO,DARCY GALLANT PROMO ACCOUNT,,LOOKUP
PAGECA,DARCY PAGE CASH SALE ACCOUNT,,LOOKUP
PAGEPR,DARCY PAGE PROMO ACCOUNT,,LOOKUP
DARMAR,DARREN'S MARGIN CORRECTIONS,,LOOKUP
DE'LISH,DE'LISH FINE FOODS & CATERING,VICTORIA,TOWN
DEEPCO,DEEP COVE CHALET,SIDNEY,TOWN
DEEPCV,DEEP COVE MARKET,NORTH SAANICH,TOWN
DELIP,DELICIOUS PIZZA & PASTA,VICTORIA,TOWN
OCEANT,DELTA OCEAN POINTE RESORT,VICTORIA,TOWN
DENNYS,DENNY SETO'S WOK & GRILL,PORT HARDY,FREIGHT
DISCOW,DISCOVERY FOODS  WILLOW POINT,CAMPBELL RIVER,FREIGHT
DISCOO,DISCOVERY FOODS OYSTER RIVER,"CAMPBELL RIVER, B.C",FREIGHT
DIVALI,DIVALICIOUS (Kathleen Robertson),VICTORIA,TOWN
DNDDAM,DND DCTF,COLWOOD,TOWN
DNDNEL,DND NELLIES BLOCK,VICTORIA,TOWN
DNDWAR,DND WARDROOM,ESQUIMALT,TOWN
DNDWOR,DND WORKPOINT,ESQUIMALT,TOWN
DOBOSA,DOBOSALA CANTINA & RIDE THRU,VICTORIA,TOWN
DOCKFISH,DOCKSIDE FISH & CHIPS dba,CAMPBELL RIVER,FREIGHT
HOUSEO,DOCKSIDE SMOKEFISH STORE dba,TOFINO,FREIGHT
DOGHSE,DOGHOUSE RESTAURANT,DUNCAN,UPISLAND
DOLPHIN,DOLPHIN'S RESORT,CAMPBELL RIVER,FREIGHT
DOMOJ,DOMO JAPAN dba,COURTENAY,FREIGHT
DRMEAT,DOUBLE R MEATS,PORT ALBERNI,FREIGHT
DOUGLA,DOUGLAS CARE(SGP)51209,VICTORIA,TOWN
SGPDOUG,DOUGLAS HOUSE (SGP)51171,VICTORIA,TOWN
DRAHSE,DRAGON HOUSE dba,POWELL RIVER,FREIGHT
DRIFT,DRIFTWOOD RESTAURANT,CAMPBELL RIVER,FREIGHT
DRIFTS,DRIFTWOOD SEAFOODS,LADYSMITH,UPISLAND
DSQUARED,DSQUARED,VICTORIA,TOWN
DUKESR,DUKE'S DOCKSIDE RESTAURANT C.R,CAMPBELL RIVER,FREIGHT
DUNELK,DUNCAN ELKS,DUNCAN,UPISLAND
DUNHOU,DUNCAN HOUSING SOCIETY 8107 7973,DUNCAN,UPISLAND
DUTCHB,DUTCH BAKERY,VICTORIA,TOWN
EAGLEP,EAGLE PARK HEALTH (CPS) 08107 7333,QUALICUM BEACH,FREIGHT
EAGLE,EAGLES F.O.E 2546,DUNCAN,UPISLAND
EASTKIT,EAST KITCHEN LTD.,COURTENAY,FREIGHT
EATFRES,EAT FRESH URBAN MARKETS LTD.,PARKSVILLE,UPISLAND
EATABL,EATABLES UNLIMITED CATERING,SHAWNIGAN LAKE,UPISLAND
LAPETI,EBIZO SUSHI RESTAURANT,VICTORIA,TOWN
ECHOVI,ECHO VILLAGE(CPS)08107 7300,PORT ALBERNI,FREIGHT
ECOLEV,ECOLE VICTOR BRODEUR,VICTORIA,TOWN
NANTRA,EDEN GARDENS 08107 4755,NANAIMO,UPISLAND
EDGEWO,EDGEWOOD HOLDINGS  (CPS)  08107  7396,NANAIMO,UPISLAND
EDISL,EDIBLE ISLAND WHOLE FOODS MARKET INC,COURTENAY,FREIGHT
EDWARD,EDWARD MILNE COMMUNITY SCHOOL,SOOKE,TOWN
ELLOCO,EL LOCO TACO dba,SALTSPRING ISLAND,UPISLAND
EMBASS,EMBASSY HOTEL,VICTORIA,TOWN
EMILIAN,EMILIANOS MEXICAN FOOD TRAILER,PORT ALBERNI,FREIGHT
EMMANUEL,EMMANUEL BAPTIST CHURCH,VICTORIA,TOWN
ESQHIGH,ESQUIMALT HIGH SCHOOL,VICTORIA,TOWN
EUGWAR,EUGENE'S GREEK FOOD dba,VICTORIA,TOWN
EVERG,EVERGREEN SENIORS HOME INC,CAMPBELL RIVER,FREIGHT
FPFOOD,F.P. FOODS LTD.,PORT ALICE,VAN
EMPRSS,FAIRMONT EMPRESS HOTEL,VICTORIA,TOWN
FAIRW1,FAIRWAY # -1,VICTORIA,TOWN
FAIRW6,FAIRWAY # -6,VICTORIA,TOWN
FAIR16,FAIRWAY # 16,VICTORIA,TOWN
TRIPCR,FAIRWAY # 3,VICTORIA,TOWN
FAIRW8,FAIRWAY # 8,NANAIMO,UPISLAND
FAIR10,FAIRWAY #10,VICTORIA,TOWN
FAIR12,FAIRWAY #12,SIDNEY,TOWN
FAIR11,FAIRWAY -#11,VICTORIA,TOWN
FAIR15,FAIRWAY -#15,VICTORIA,TOWN
FAIRW4,FAIRWAY -#4,VICTORIA,TOWN
FANBAY,FANNY BAY INN dba,FANNY BAY,FREIGHT
FARWES,FAR WEST FOODS GROUP,UCLUELET,FREIGHT
FARMFI,FARM & FIELD BUTCHERS,VICTORIA,TOWN
FARMGA,FARM GATE STORE,MAYNE ISLAND,P/U
FARMHO,FARMHOUSE RESTAURANT,PARKSVILLE,UPISLAND
FEDERA,FEDERATED CO-OP LTD.,SASKATOON,LOOKUP
FENGYB,FENGY BOUTIQUE,COOMBS,FREIGHT
FERNWO,"FERNWOOD PIZZA COMPANY, THE",VICTORIA,TOWN
FERRIS,FERRIS'S OYSTER BAR,VICTORIA,TOWN
FIFTY,FIFTY PARALLEL TAP & GRILL,CAMPBELL RIVER,FREIGHT
FINEST,FINEST AT SEA,VICTORIA,TOWN
DOCKSS,FINNS,VICTORIA,TOWN
FIRPAR,FIR PARK VILLAGE 08107 7299,PORT ALBERNI,FREIGHT
FIRESD,FIRESIDE GRILL,VICTORIA,TOWN
FISHOC,FISH O CHIPS dba,SIDNEY,TOWN
FISHON,FISH ON 5TH,SIDNEY,TOWN
FISHST,FISH STORE,VICTORIA,TOWN
FISHTL,FISH TALES CAFE 2010 LTD.,QUALICUM BEACH,FREIGHT
FISHFU,FISHFULL THINKING,UCLUELET,FREIGHT
FISHH,FISHHOOK dba,VICTORIA,TOWN
FIVED,"FIVE & DIME DINER, THE dba",SIDNEY,TOWN
FIVES,FIVE STAR WHOLESALE,PARKSVILLE,UPISLAND
FLAVOU,FLAVOUR FINE FOODS INC.,VICTORIA,TOWN
FLESHI,FLESHING PALACE CO.,VICTORIA,TOWN
FLTHSE,FLOAT HOUSE PATIO & GRILL,UCLUELET,FREIGHT
FDWSA,FLOYD'S DINER - WEST SAANICH,VICTORIA,TOWN
FDJAMES,FLOYD'S DINER -JAMES BAY,VICTORIA,TOWN
FDLANG,FLOYD'S DINER LANGFORD,VICTORIA,TOWN
FLYPIG,"FLYING PIG, THE",VICTORIA,TOWN
FOGGY,FOGGY'S VAPOR,SAANICHTON,TOWN
FOODFOR,FOOD FOR THOUGHT -CATERING,VICTORIA,TOWN
FOODF1,FOOD FORUM #1,VICTORIA,TOWN
FOURMI,FOUR MILE HOUSE,VICTORIA,TOWN
FOURP,FOUR POINTS by SHERATON VICTORIA,VICTORIA,TOWN
FOURQU,FOUR QUARTERS MEATS INC.,VICTORIA,TOWN
FRANKIE,FRANKIE'S MODERN DINER,VICTORIA,TOWN
FRANKRES,FRANKIE'S RESTO-BAR,UCLUELET,FREIGHT
FRASER,FRASER ORR BUTCHER dba,VICTORIA,TOWN
FREDDI,FREDDIE'S PUB / HARVEST RESTAURANT,CAMPBELL RIVER,FREIGHT
FREEBE,FREE BEETS HEALTHY MEAL,VICTORIA,TOWN
FCBISTRO,FRENCH CREEK BISTRO REST. & GRILL dba,PARKSVILLE,UPISLAND
FRENCRK,FRENCH CREEK HOUSE LTD.,PARKSVILLE,UPISLAND
FRESHC,FRESHCOAST HEALTH FOOD BAR,VICTORIA,TOWN
FRIENDS,FRIENDSHIP COMMUNITY CHURCH,BRENTWOOD BAY,TOWN
FRIESE,FRIESEN'S FRESH MEATS,HONEYMOON BAY,UPISLAND
FUDOJA,FUDO JAPANESE RESTAURANT dba,VICTORIA,TOWN
FUTAB,FUTABA JAPANESE RESTAURANT dba,VICTORIA,TOWN
FWENTER,FW ENTERPRISES LTD,NANOOSE BAY,UPISLAND
GTBLACK,G.T BLACK FOOD SERV./dba DUNCAN BUTCHER,DUNCAN,UPISLAND
GABCAF,GABRIEL'S CAFE dba,NANAIMO,UPISLAND
GALA,GAIA GROCERY dba,TOFINO,FREIGHT
GALLOP,GALLOPING GOOSE,METCHOSIN,TOWN
GARDENS,GARDENS AT QUALICUM BEACH (SGP)51298,QUALICUM BEACH,FREIGHT
GARYKI,GARY KITCHEN,TOFINO,FREIGHT
GARY'SBI,GARY'S BISTRO dba,QUALICUM BEACH,FREIGHT
GENKIS,GENKI SUSHI  dba,POWELL RIVER,FREIGHT
GENCAF,GENOA BAY CAFE LTD dba,DUNCAN,UPISLAND
GEORGE,GEORGE'S FOOD BAR,COURTENAY,FREIGHT
GINASM,GINA'S MEXICAN RESTAURANT,NANAIMO,UPISLAND
GINGBF,GINGER BEEF HOUSE,CAMPBELL RIVER,FREIGHT
GIOVANNI,GIOVANNI'S RISTORANTE,QUALICUM BEACH,FREIGHT
GLACIE,GLACIER VIEW LODGE(CPS) 08107 7308,COURTENAY,FREIGHT
GLADST,GLADSTONE BREWING COMPANY,COURTENAY,FREIGHT
GHCURL,GLEN HARPER CURLING CLUB,DUNCAN,UPISLAND
GLENSH,GLENSHIEL  (THE)  (CPS)  08107  7620,VICTORIA,TOWN
CENPKL,GLENWARREN LODGE (CPS) 08107 7058,VICTORIA,TOWN
GLENWO,GLENWOOD MEATS,VICTORIA,TOWN
SOUBAY,GLO EUROPUB & GRILL,VICTORIA,TOWN
GLOBAL,GLOBAL TOTAL CARE,MILL BAY,UPISLAND
GLORIO,GLORIA O'HARA,SALTSPRING ISLAND,UPISLAND
GLORIAS,GLORIA'S FOOD SERVICE,DUNCAN,UPISLAND
GOHAN,GOHANMEALS,VICTORIA,TOWN
GOLCRG,GOLDEN CARRIAGE,COURTENAY,FREIGHT
GDRAGO,GOLDEN DRAGON RESTAURANT,PORT ALBERNI,FREIGHT
GOLDISL,GOLDEN ISLAND CHINESE RESTAURANT,SALTSPRING ISLAND,UPISLAND
GOODFOR,GOOD FORTUNE RESTAURANT dba,SIDNEY,TOWN
GOODVW,GOODVIEW RESTAURANT,VICTORIA,TOWN
GORGEPP,GORGE POINT PUB dba,VICTORIA,TOWN
GORGEV,GORGE VALE GOLF CLUB,VICTORIA,TOWN
GOURME,"GOURMET SANDWICH COMPANY LTD., THE",VICTORIA,TOWN
GOVERN,GOVERNMENT HOUSE,VICTORIA,TOWN
GRADH,GRAD HOUSE,VICTORIA,TOWN
GRANAD,GRANADA RESTAURANT,POWELL RIVER,FREIGHT
GRANDP,GRANDPAWS TREATS,CAMPBELL RIVER,FREIGHT
GREYWH,GRAY WHALE DELI,UCLUELET,FREIGHT
GRTCDN,GREAT CANADIAN CASINO INC,COQUITLAM,VAN
GREATC,GREAT CANADIAN CASINOS INC.,VICTORIA,TOWN
GREATGR,GREAT GREENS FARM MARKET,DUNCAN,UPISLAND
GREEKON,GREEK ON THE STREET,VICTORIA,TOWN
GREENR,GREENRIDGE PLACE(CPS) 08107 9057,VICTORIA,TOWN
GREENWD,GREENWOODS ELDER (CPS)08107 7323,SALT SPRING ISLAND,UPISLAND
GREGSM,GREG SMITH MEATS,LADYSMITH,UPISLAND
GRIFPU,GRIFFIN PUB,Comox,FREIGHT
GUNTER,GUNTER BROS. MEAT CO.,COURTENAY,FREIGHT
GUS'SB,GUS'S BAR & GRILL,PORT MCNEILL,FREIGHT
HABITAT,HABITAT @ ROYAL ROADS,VICTORIA,TOWN
HAIDAW,HAIDA WAY,CHEMAINUS,UPISLAND
HAMLETS,"HAMLETS AT DUNCAN, THE",SURREY,VAN
HAMPTON,HAMPTON LITTLE LEAGUE,VICTORIA,TOWN
HANKSA,HANKS * A RESTAURANT dba,VICTORIA,TOWN
HAPPY,HAPPY TIMES CAFE dba,NANAIMO,UPISLAND
HARBCATS,HARBOUR CATS dba,VICTORIA,TOWN
HARBOUR,HARBOUR GRILL dba BARFUS ENTERPRISES LTD,CAMPBELL RIVER,FREIGHT
HARBOURH,HARBOUR HOUSE HOTEL dba,SALTSPRING ISLAND,UPISLAND
HASTING,HASTINGS HOUSE,SALTSPRING ISLAND,UPISLAND
HAULTA,HAULTAIN FISH & CHIPS LTD,VICTORIA,TOWN
HAUS,HAUS SAUSAGE CO.,VICTORIA,TOWN
HAWTHO,HAWTHORNE PLACE (SGP)51020,QUALICUM BEACH,FREIGHT
HEART,HEARTWOOD KITCHEN LTD,UCLUELET,FREIGHT
HEAVEN,HEAVENSCENT CATERING,NANAIMO,UPISLAND
HECKLER,HECKLERS BAR & GRILL dba,VICTORIA,TOWN
HELMMK,HELMCKEN MARKET,VICTORIA,TOWN
HENRY,HENRY'S KITCHEN dba,QUALICUM BEACH,FREIGHT
HERIT,HERITAGE INDIAN CUISINE,DUNCAN,UPISLAND
HERITA,HERITAGE PLC FOR SRS(dba)(CPS)08107 7953,SALTSPRING ISLAND,UPISLAND
HERMANNS,HERMANN'S JAZZ CLUB dba,VICTORIA,TOWN
HERONR,HERON ROCK BISTRO,VICTORIA,TOWN
HERTEL,HERTEL MEATS,PORT ALBERNI,FREIGHT
HIGHGA,HIGHGATE LODGE INC.   08107  7243,VICTORIA,TOWN
HIGHW,HIGHWAYMAN SALOON dba,UNION BAY,FREIGHT
CFBCAL,HMCS CALGARY,VICTORIA,TOWN
CFBEDM,HMCS EDMONTON,VICTORIA,TOWN
CFBNAN,HMCS NANAIMO,VICTORIA,TOWN
CFBOTT,HMCS OTTAWA,VICTORIA,TOWN
CFBREG,HMCS REGINA,VICTORIA,TOWN
CFBVAN,HMCS VANCOUVER,VICTORIA,TOWN
CFBVIC,HMCS VICTORIA (MOG 4),VICTORIA,TOWN
CFBWIN,HMCS WINNIPEG,VICTORIA,TOWN
HOMESCAF,"HOMESTEAD CAFE, THE",SIDNEY,TOWN
HOPEKE,HOPE KEY RESTAURANT,VICTORIA,TOWN
HORSHO,HORSESHOE BAY INN,CHEMANIUS,UPISLAND
CLARHO,HOTEL GRAND PACIFIC,VICTORIA,TOWN
HOTELD,HOTEL RIALTO,VICTORIA,TOWN
CASHOR,HOUSE CASH OR CERTIFIED ACCOUNT,,LOOKUP
HOUSEC,HOUSE CASH SALES,,LOOKUP
HOUFUND,HOUSE FUNDRAISERS,,LOOKUP
CASTRO,HOUSE OF BOATENG FOOD INC,VICTORIA,TOWN
HOUSEOFW,HOUSE OF WALLS CULINARY MAGIC,LUND,FREIGHT
HSEPIC,HOUSE PICCOLO,SALT SPRING ISLAND,UPISLAND
HOUSEP,HOUSE PROMO ACCOUNT,,LOOKUP
HOWARD,HOWARD JOHNSON HOTEL & SUITES,VICTORIA,TOWN
HOWLER,HOWLER'S FAMILY KITCHEN dba,UCLUELET,FREIGHT
HUBCIT,HUB CITY FISH,NANAIMO,UPISLAND
HUBSTAFF,HUB CITY FISH - STAFF,NANAIMO,UPISLAND
HUNTING,HUNTINGDON MANOR dba,VICTORIA,TOWN
HYDECR,HYDE CREEK ESSO,PORT MCNEILL,FREIGHT
IBGCAFE,IBG CAFE INC,VICTORIA,TOWN
IDEAL,IDEAL CAFE,CAMPBELL RIVER,FREIGHT
IGUANA,IGUANA'S MEXICAN GRILL,POWELL RIVER,FREIGHT
HWFOOD,IIBG dba CHASE RIVER COUNTRY GROCER,NANAIMO,UPISLAND
ILCOVO,IL COVO TRATTORIA,VICTORIA,TOWN
ILFAL,IL FALCONE (dba),COURTENAY,FREIGHT
ILGREC,IL GRECO,VICTORIA,TOWN
ILTERR,IL TERRAZZO,VICTORIA,TOWN
INDHOU,"INDIAN HOUSE RESTAURANT, THE",DUNCAN,UPISLAND
IRONWO,IRONWOOD PLACE (CPS) 08107  7476,CAMPBELL RIVER,FREIGHT
IRONW,IRONWORKS CAFE & CREPERIE dba,LADYSMITH,UPISLAND
ISLBAG,ISLAND BAGEL dba,DUNCAN,UPISLAND
ISLCUL,ISLAND CULINARY SERVICE,SIDNEY,TOWN
ISLFOOD,ISLAND FOOD BOX dba,DUNCAN,UPISLAND
ISLANDF,ISLAND FOODS 2017 LTD,PORT MCNEIL,FREIGHT
ISHECO,ISLAND HEALTH - COMOX (CPS)08107 9054,COURTENAY,FREIGHT
ISHECR,ISLAND HEALTH -CR HOSP.(CPS)08107 9055,CAMPBELL RIVER,FREIGHT
ISLIND,ISLAND INDEPENDENT BUYING GRP,CHEMAINUS,UPISLAND
ISLPO,ISLAND POKE,VICTORIA,TOWN
ISLSAV,ISLAND SAVINGS,DUNCAN,UPISLAND
ISLVIEW,ISLAND VIEW PLACE CARE dba,VICTORIA,TOWN
EAGNES,ISLAND WEST RESORT,UCLUELET,FREIGHT
ISLWOK,ISLAND WOK,VICTORIA,TOWN
ISLANDER,ISLANDER PIZZA & PASTA,COURTENAY,FREIGHT
ITALIA,ITALIAN BAKERY,VICTORIA,TOWN
JACKS,JACK'S / KUMA SUSHI @ BEAR MOUNTAIN,VICTORIA,TOWN
JAKESA,JAKE'S AT THE LAKE,DUNCAN,UPISLAND
JAMCAF,JAM CAFE,VICTORIA,TOWN
JAMESB,JAMES BAY COMMUNITY SCHOOL SOCIETY,VICTORIA,TOWN
JBFISH,JAMES BAY FISH & CHIPS,VICTORIA,TOWN
JBINN,JAMES BAY INN LTD,VICTORIA,TOWN
JAMIE,JAMIE'S RAINFOREST INN dba,TOFINO,FREIGHT
JAPANV,JAPANESE VILLAGE RESTAURANT,VICTORIA,TOWN
JASMIN,JASMINE RESTAURANT  dba,VICTORIA,TOWN
JENNYS,JENNY'S OLDE COUNTRY FARE,SOOKE,TOWN
BARNACLE,JERRY YU HAI LEE o/a,LADYSMITH,UPISLAND
JESKEN,JESKEN AEIRE(SGP) 51127,VICTORIA,TOWN
JICKL,JICKLINGS AUTOMOTIVE SERVICE dba,COBBLE HILL,UPISLAND
JIGFCC,JIGGER'S,UCLUELET,FREIGHT
JIGGER,JIGGERS GRILL,CAMPBELL RIVER,FREIGHT
JJMORG,JJ MORGAN'S RESTAURANT,VICTORIA,TOWN
JKSLOC,JKS LOCAL MEAT CAVE LTD,CAMPBELL RIVER,FREIGHT
JOHNBA,JOHN BARSBY COMMUNITY SCHOOL,NANAIMO,UPISLAND
JOHNPL,JOHN'S PLACE,VICTORIA,TOWN
JOIEGR,JOIE GRILLADES dba,VICTORIA,TOWN
JOLLYG,JOLLY GIANT CHILDCARE  LTD.,NANAIMO,UPISLAND
JUDYSSN,JUDY'S SNACK SHACK,VICTORIA,TOWN
JUPITE,JUPITER JUICE BAR,TOFINO,FREIGHT
JUSTJA,JUST JAKE'S,DUNCAN,UPISLAND
JUSTRAW,JUST RAW PET FOODS,COURTENAY,FREIGHT
KALVRE,KALVAS RESTAURANT dba,PARKSVILLE,UPISLAND
KEATING,KEATING COFFEE dba,VICTORIA,TOWN
KELLYS,KELLY'S KITCHEN CAFE,NANAIMO,UPISLAND
KIMWAR,KIM WAH RESTAURANT,DUNCAN,UPISLAND
KIMOTO,KIMOTO KAFEE AND ASSOCIATES,TOFINO,FREIGHT
KINGFS,KINGFISHER OCEANSIDE RESORT,COURTENAY,FREIGHT
KITDIST,KITCHENS OF DISTINCTION dba,VICTORIA,TOWN
KNIGHT,KNIGHTS OF COLUMBUS #7934,VICTORIA,TOWN
KOTOCR,KOTO CAMPBELL RIVER JAPANESE,Campbell River,FREIGHT
KOTOJ,KOTO JAPANESE RESTAURANT 2012,VICTORIA,TOWN
KUKU,KUKUS TAKE OUT & DEL  dba,VICTORIA,TOWN
KUMATO,KUMA TOFINO dba,TOFINO,FREIGHT
KYALSIN,KYAL SIN SUSHI INC.,VICTORIA,TOWN
LAMEX,LA MEXICAINE,DUNCAN,UPISLAND
LASTEL,LA STELLA TRATTORIA,NANAIMO,UPISLAND
LADIEAU,LADIES AUXILIARY BRANCH #49 PARKSVILLE,PARKSVILLE,UPISLAND
LADYMI,LADY MINTO HOSPITAL(CPS) 081077347,SALTSPRING,UPISLAND
LADYSC,LADYSMITH SECONDARY CAFETERIA,LADYSMITH,UPISLAND
LAILA,LAILA LAILA RESTAURANT dba,VICTORIA,TOWN
LCDRY,LAKE COWICHAN DRY GRAD 2019,LAKE COWICHAN,UPISLAND
LANDSE,LAND & SEA BREWING COMPANY LTD,COMOX,FREIGHT
LANDLU,LANDLUBBER PUB,NANAIMO,UPISLAND
LANGFL,LANGFORD LANES BOWLING ALLEY INC,VICTORIA,TOWN
SALTFIS,LANNER BAY FOOD INC.,SALTSPRING ISLAND,UPISLAND
LATAS,LATA'S KITCHEN,PORT McNEILL,FREIGHT
LAUGHI,LAUGHING OYSTER dba,POWELL RIVER,FREIGHT
LAUREL,LAUREL POINT INN,VICTORIA,TOWN
LEECAS,LEE GERMAN CASH SALES,,LOOKUP
LEEPRO,LEE GERMAN PROMO ACCOUNT,,LOOKUP
LEESCR,LEE'S CHICKEN - CAMPBELL RIVER,DUNCAN,UPISLAND
LEESDUN,LEE'S CHICKEN - DUNCAN,DUNCAN,UPISLAND
LEESNAN,LEE'S CHICKEN - NANAIMO,DUNCAN,UPISLAND
LEGION,LEGION MANOR(CPS)08107 7389,VICTORIA,TOWN
LEGISL,LEGISLATIVE DINING ROOM,VICTORIA,TOWN
LEPET,LEPETIT SAIGON,VICTORIA,TOWN
LESCASH,LESLEY SPENCER CASH SALES,,LOOKUP
LESFUND,LESLEY SPENCER FUNDRAISERS,,LOOKUP
LESPROMO,LESLEY SPENCER PROMO ACCOUNT,,LOOKUP
LIDOW,LIDO WATERFRON BAR & BISTRO dba,VICTORIA,TOWN
LIGHT,"LIGHTHOUSE BISTRO, THE LTD",NANAIMO,UPISLAND
LRBBBQ,LIL' RONNIE'S BEACHSIDE BBQ dba,TOFINO,FREIGHT
LIONRA,"LION RAMPANT SCOTTISH PUB,THE(dba)",DUNCAN,UPISLAND
LISET,LISETTE'S KROKETS,DUNCAN,UPISLAND
LITBAV,LITTLE BAVARIA RESTAURANT,PORT ALBERNI,FREIGHT
LITSAN,"LITTLE CORNER SANDWICH SHOP, THE",DUNCAN,UPISLAND
LITTLE,LITTLE GEORGE'S (BRUCE AVE),NANAIMO,UPISLAND
LITGEO,LITTLE GEORGE'S (METRAL/NORTH),NANAIMO,UPISLAND
LITHUT,LITTLE HUT CURRY,POWELL RIVER,FREIGHT
LITTLETH,LITTLE THAI PLACE,VICTORIA,TOWN
LTOKYO,LITTLE TOKYO,VICTORIA,TOWN
LTOWN,LITTLE TOWN PIZZA LTD,CHEMAINUS,UPISLAND
LIVEWI,LIVEWIRE CATERING,NANAIMO,UPISLAND
LOCALS,LOCALS-FOOD FROM THE HEART OF THE ISLAND,COURTENAY,FREIGHT
LOFTPUB,"LOFT PUB, THE",VICTORIA,TOWN
LHOUSE,LOGHOUSE PUB dba,VICTORIA,TOWN
LONGBLR,LONG BEACH LODGE RESORT,TOFINO,FREIGHT
LONGLK,LONGLAKE CHATEAU (CPS) 08107 7955,NANAIMO,UPISLAND
LOWSGA,LOW'S GARDEN RESTAURANT,DUNCAN,UPISLAND
LUNCH,"LUNCH BOX, THE",N SAANICH,TOWN
LUTHER,LUTHER COURT(CPS) 08107 7279,VICTORIA,TOWN
M&YRES,M & Y RESTAURANT,PORT MCNEILL,FREIGHT
M'AKOLA,M'AKOLA ILBC HOUSING SOC.(SGP) 51128 dba,VICTORIA,TOWN
MAMIL,MA MILLER'S PUB dba,VICTORIA,TOWN
MADDOG,MAD DOG CRABS,DUNCAN,UPISLAND
MAIMAI,MAI-MAI BISTRO dba,VICTORIA,TOWN
MALAHAT,MALAHAT CHALET dba,MALAHAT,UPISLAND
MALLIO,MALAHAT LIONS CLUB,COBBLE HILL,UPISLAND
MANGO,MANGO THAI INC,VICTORIA,TOWN
MANTRA,"MANTRA INDIAN CUISINE, THE dba",VICTORIA,TOWN
MAPLEL,MAPLE LANE CAFE & CATERING,CHEMAINUS,UPISLAND
MARBLE,MARBLE ARCH RESTAURANT,VICTORIA,TOWN
MARMIL,MARKET ON MILLSTREAM,VICTORIA,TOWN
THEMAR,MARKET ON YATES,VICTORIA,TOWN
MARKET,MARKET ST. CAFE,PORT HARDY,FREIGHT
MARTIN,MARTINE'S BISTRO,COMOX,FREIGHT
MBLEUE,MARY'S BLEUE MOON dba,VICTORIA,TOWN
MASHEA,MASTHEAD RESTAURANT,COWICHAN BAY,UPISLAND
MATTCASH,MATTHEW'S CASH SALE,,LOOKUP
MATTPRO,MATTHEW'S PROMO ACCOUNT,,LOOKUP
MAXIMU,MAXIMUM SEAFOODS,VAUGHAN,N/A
MAY'SA,MAY'S ASIAN CUISINE,DUNCAN,UPISLAND
MAYFROZ,MAYFLOWER FROZEN FOODS LTD dba,SAANICHTON,TOWN
MCGIRR,MCGIRR SPORTS FIELD,NANAIMO,UPISLAND
MCLEANS,McLEAN'S SPECIALTY FOODS,NANAIMO,UPISLAND
MCRAE,MCRAES BISTRO,VICTORIA,TOWN
MEATCR,MEAT CRAFT ISLAND BUTCHERY INC,NANAIMO,UPISLAND
VILROY,MED GRILL RESTAURANT,VICTORIA,TOWN
MEDRARE,MEDIUM RARE dba,NANAIMO,UPISLAND
MELIND,MELINDAS BISCOTTI COMPANY,SIDNEY,TOWN
MERCROFT,MERCROFT CONSTRUCTION,LANTZVILLE,UPISLAND
MERRID,MERRIDALE CIDERWORKS CORP,COBBLE HILL,UPISLAND
MESAFAM,MESA FAMILIAR dba,VICTORIA,TOWN
METGOLF,METCHOSIN GOLF & COUNTRY CLUB dba,VICTORIA,TOWN
MGMRES,MGM RESTAURANT,NANAIMO,UPISLAND
MICHA,MICHAEL'S OFF MAIN BREAKFAST LUNCH,COURTENAY,FREIGHT
MICHEAL,MICHEAL MINO CATERING,VICTORIA,TOWN
MIKES,MIKE'S CAFE,CROFTON,UPISLAND
MCAFE,MIKONOS CAFE,PORT HARDY,FREIGHT
ROMEON,MILANO'S RISTORANTE,NANAIMO,UPISLAND
MILTON,MILTON STREET PUBLIC HOUSE,NANAIMO,UPISLAND
MINATO,MINATO JAPANESE RESTAURANT,POWELL RIVER,FREIGHT
MINTREST,MINT RESTAURANT,VICTORIA,TOWN
MINTON,MINTON HOUSE (CPS) 8107 9199,VICTORIA,TOWN
MITBRO,MITCHELL BROTHERS dba,POWELL RIVER,FREIGHT
MOBY'S,MOBY'S PUB,SALT SPRING ISLAND,UPISLAND
MODCAF,"MODERN CAFE, THE  dba",NANAIMO,UPISLAND
MODCLEA,MODERN CLEANING CONCEPT,VICTORIA,TOWN
MONKEY,MONKEY TREE PUB,VICTORIA,TOWN
MOONLI,MOONLIGHT CATERING,VICTORIA,TOWN
MOOSEN,MOOSE N' EDDIES,POWELL RIVER,FREIGHT
MOTHER,MOTHER NATURES MARKET AND DELI,VICTORIA,TOWN
MOUNTD,MOUNT DOUGLAS MARKET,VICTORIA,TOWN
MRBAGEL,MOUNT ROYAL BAGEL FACTORY LTD,VICTORIA,TOWN
MOUNTM,MOUNT ST. MARY HOSP.(CPS) 08107 7280,VICTORIA,TOWN
MRTUBS,MR. TUBBS STATION,VICTORIA,TOWN
MRTUBE,MR. TUBE STEAK dba,VICTORIA,TOWN
MTBRE,MT BRENTON RESTAURANT $ LOUNGE dba,DUNCAN,UPISLAND
MTCAIN,MT. CAIN CAFE,PORT MCNEILL,FREIGHT
MULTIN,MULTINATIONAL FOODS,"CALGARY,",N/A
MYCHOS,MY CHOSEN CAFE,VICTORIA,TOWN
MYCHPZ,MY CHOSEN PIZZA,VICTORIA,TOWN
GENERA,NANAIMO AFFORD. HSG SOC.(CPS)08107 7952,NANAIMO,UPISLAND
NDSS,NANAIMO DISTRICT SECONDARY SCHOOL,NANAIMO,UPISLAND
NANFAM,NANAIMO FAMILY RESOURCE PROGRAMS,LANTZVILLE,UPISLAND
NANGEN,NANAIMO GENERAL HOSP.(CPS) 08107 7332,NANAIMO,UPISLAND
NANSENI,NANAIMO SENIORS VILLAGE(SGP)#51280,NANAIMO,UPISLAND
NANTOM,NANAIMO TOMO SUSHI LTD,NANAIMO,UPISLAND
NAUGHT,NAUGHTY NELLIE'S NOT JUST FISH & CHIPS,VICTORIA,TOWN
NAUNEL,NAUTICAL NELLIES RESTAURANT,VICTORIA,TOWN
NESVOG,NESVOG MEATS & SAUSAGE COMPANY LTD.,NANAIMO,UPISLAND
NHATRA,NHA TRANG RESTAURANT,DUNCAN,UPISLAND
NIGEL,NIGEL - SERV. FOR ADULTS(CPS) 08107 7586,VICTORIA,TOWN
NOHRA,NOHRA THAI KITCHEN,VICTORIA,TOWN
NTKAMR,NOOTKA MARINE ADVENTURES LTD.,RADIUM HOT SPRINGS,N/A
NORGAR,NORGARDEN  (CPS)  08107  7854,SIDNEY,TOWN
NORIJA,NORI JAPANESE RESTAURANT,NANAIMO,UPISLAND
NORTHI,NORTH ISLAND COLLEGE,COURTENAY,FREIGHT
NIGUID,NORTH ISLAND GUIDE OUTFITTERS LTD.,CAMPBELL RIVER,FREIGHT
NORTHERN,NORTHERN LIGHTS RESTAURANT dba,PORT McNEILL,FREIGHT
NOURISHC,NOURISH COWICHAN SOCIETY,DUNCAN,UPISLAND
NOWHERE,NOWHERE A RESTAURANT,VICTORIA,TOWN
NYPIZZ,NY PIZZERIA (NANAIMO),NANAIMO,UPISLAND
OAKBYB,OAK BAY BEACH HOTEL dba,VICTORIA,TOWN
OAKKIW,OAK BAY KIWANIS PAV.(CPS) 08107 7248,VICTORIA,TOWN
OAKLOD,OAK BAY LODGE      08107   7249,VICTORIA,TOWN
OAKBMA,OAK BAY MARINA RESTAURANT,VICTORIA,TOWN
OBRECC,OAK BAY REC CENTRE,VICTORIA,TOWN
OBTEAP,OAK BAY TEA PARTY,VICTORIA,TOWN
OAKSRE,OAKS RESTAURANT & GRILL,N. SAANICH,TOWN
OCCHOT,OCCIDENTAL HOTEL,NANAIMO,UPISLAND
OLDCOM,OLD COUNTRY MARKET (DELI),COOMBS,FREIGHT
OLDCOU,OLD COURTHOUSE INN,POWELL RIVER,FREIGHT
OLDFARM,OLD FARM MARKET,KOKSILAH,UPISLAND
OFMCADBO,"OLD FARM MARKET CADBORO BAY, THE dba",VICTORIA,TOWN
OFWINE,OLD FIREHOUSE WINE & COCKTAIL BAR dba,DUNCAN,UPISLAND
OLDESC,OLD SCHOOL COFFEE CO.,COBBLE HILL,UPISLAND
OLYMPC,OLYMPIC VIEW GOLF CLUB,VICTORIA,TOWN
OMAKA,OMAKASE,VICTORIA,TOWN
OMJA,OMJA CATERING,SALTSPRING ISLAND,UPISLAND
SGPGORGE,ON THE GORGE (SGP) 51323,VICTORIA,TOWN
ORIGLO,ORIGIN AT LONGWOOD   (CPS)  08107  7426,NANAIMO,UPISLAND
OSHOTEL,"OSWEGO HOTEL, THE dba",VICTORIA,TOWN
OTTAV,OTTAVIO ITALIAN BAKERY AND DELI DBA,VICTORIA,TOWN
OX,OX dba,CAMPBELL RIVER,FREIGHT
OXFORF,OXFORD FOODS,VICTORIA,TOWN
PACBRIMM,PACIFIC BRIMM CAFE & CATERING dba,PARKSVILLE,UPISLAND
PACCHR,PACIFIC CHRISTIAN SCHOOL,VICTORIA,TOWN
PPOINT,PACIFIC POINT MARKET,POWELL RIVER,FREIGHT
PACOS,PACO'S TACOS SSI,SALTSPRING ISLAND,UPISLAND
PAI,PAI dba,TOFINO,FREIGHT
PAINTERS,PAINTER'S LODGE dba,CAMPBELL RIVER,FREIGHT
PALAG,PALAGIOS PIZZA dba,VICTORIA,TOWN
PAPAS,PAPA'S BURGERS - PARKSVILLE,PARKSVILLE,UPISLAND
PAPA,PAPA'S TAKE OUT dba,CORTEZ,FREIGHT
PARKAT,"PARK @ CROWN ISLE, THE dba",COMOX,FREIGHT
PASTAFR,PASTA FRESCA dba,SALTSPRING ISLAND,UPISLAND
PEARL,PEARLMARK FOODS INC.,MONTREAL,N/A
PEARSO,PEARSON COLLEGE  (AC) #3858,VICTORIA,TOWN
PEGASUS,PEGASUS RESTAURANT LTD dba,DUNCAN,UPISLAND
PENGUI,PENGUIN MEAT SUPPLY LTD.,WHITE ROCK,VAN
PENNYS,PENNY'S PANTRY dba,SALT SPRING ISLAND,UPISLAND
PEPPRM,PEPPER'S MARKET,VICTORIA,TOWN
PERKEB,PERSIAN KEBOB,VICTORIA,TOWN
PERSIM,PERSIMMON TREE dba,VICTORIA,TOWN
PETE'S,PETE'S MOUNTAIN MEATS & DELI,PORT ALBERNI,FREIGHT
PHADTH,PHAD THAI RESTAURANT,DUNCAN,UPISLAND
GLENGG,PHEASANT GLEN GOLF RESORT,QUALICUM BEACH,FREIGHT
PHOVO,PHO VUONG HOLDINGS LTD,DUNCAN,UPISLAND
PHORES,PHO VUONG RESTAURANT,VICTORIA,TOWN
PHOVYR,PHO VY RESTAURANT,VICTORIA,TOWN
PHOVLANG,PHO VY VIETNAMESE (LANGFORD),VICTORIA,TOWN
PHO-EV,PHO-EVER RESTAURANT dba,VICTORIA,TOWN
PHOENI,PHOENIX (THE),LADYSMITH,UPISLAND
PHOEBAR,PHOENIX BAR AND GRILL LTD.,VICTORIA,TOWN
PHONOM,PHONOMENAL,VICTORIA,TOWN
PICKLES,PICKLES' PANTRY,COBBLE HILL,UPISLAND
PICKUP,PICKUP PRODUCT,,LOOKUP
PICNIC,PICNIC CHARCUTERIE,TOFINO,FREIGHT
PBBQ,PIG BBQ,COWICHAN BAY,UPISLAND
PINKBI,"PINK BICYCLE GOURMET BURGER JOINT, THE",VICTORIA,TOWN
PIONEE,PIONEER HOUSE RESTUARANT LTD,DUNCAN,UPISLAND
PIZZAG,PIZZA GUERRILLA dba,COURTENAY,FREIGHT
PIZAPLUS,PIZZA PLUS dba,SIDNEY,TOWN
PLATES,PLATES EATERY & CATERING CO. LTD.,COURTENAY,FREIGHT
PLUTOS,PLUTOS,VICTORIA,TOWN
POINTN,POINT NO POINT,SOOKE,TOWN
POINTR,POINT RESTAURANT @ WICKANINNISH INN,TOFINO,FREIGHT
POKEFR,POKE FRESH dba,VICTORIA,TOWN
POPSEY,POPSEY RESTAURANT,CAMPBELL RIVER,FREIGHT
PAPIZZA,PORT ALBERNI PIZZA FACTORY dba,PORT ALBERNI,FREIGHT
PORTHA,PORT HARDY HOSP. (CPS) 08107 7345,PORT HARDY,FREIGHT
PORTP,PORT PUB/ CJ'S PLACE,PORT ALBERNI,FREIGHT
CARMOO,PORTO TACO dba,PORT ALBERNI,FREIGHT
POTS,POTSTICKERS 'N CURRY,CAMPBELL RIVER,FREIGHT
PRTOWN,POWELL RIVER TOWN CENTRE HOTEL,POWELL RIVER,FREIGHT
PRAIRI,PRAIRIE INN,SAANICHTON,TOWN
RETURN,PRODUCT RETURN TO MANUFACTURER,,LOOKUP
PRWSERV,PRW SERVICES,DUNCAN,UPISLAND
QBURG,Q BURGER,QUALICUM BEACH,FREIGHT
QBBAKE,Q.B. BAKERY,QUALICUM BEACH,FREIGHT
QUALCF,QUALICUM FOODS,QUALICUM BEACH,FREIGHT
QUAWES,QUALITY FOODS # 16 WEST SHORE,VICTORIA,TOWN
QUAVIE,QUALITY FOODS # 17 VIEW ROYAL,VICTORIA,TOWN
QUALCO,QUALITY FOODS # 2 - COMOX,COMOX,FREIGHT
NANQUA,QUALITY FOODS # 3 -NANAIMO,NANAIMO,UPISLAND
QUALI4,QUALITY FOODS # 4 (NANOOSE),NANOOSE,UPISLAND
QUALPA,QUALITY FOODS # 6 PORT ALBERNI,PORT ALBERNI,FREIGHT
QUALI2,QUALITY FOODS # 7(WATERSIDE),PARKSVILLE,UPISLAND
QUANOR,QUALITY FOODS # 8 NORTHRIDGE,NANAIMO,UPISLAND
QUAL12,QUALITY FOODS #12 CAMPBELL RIVER,CAMPBELL RIVER,FREIGHT
QUALPR,QUALITY FOODS #14 - POWELL RIVER,POWELL RIVER,FREIGHT
QUAL15,QUALITY FOODS #15 - COURTENAY,COURTENAY,FREIGHT
QUALCA,QUALITY FOODS (CASECO) WAREHSE,ERRINGTON,UPISLAND
HARQUA,QUALITY FOODS HAREWOOD #9,NANAIMO,UPISLAND
QUARTE,QUARTERWAY PUB,NANAIMO,UPISLAND
QUAYWE,QUAY WEST KITCHEN & CATERING LTD.,CAMPBELL RIVER,FREIGHT
QUEENMA,QUEEN MARGARET'S SCHOOL dba,DUNCAN,UPISLAND
QUOTEBM,QUTOE BURKE DO NOT SHIP,,LOOKUP
QVCAFE,QV CAFE & BAKERY dba,VICTORIA,TOWN
SILVBR,RAMADA DUNCAN dba,DUNCAN,UPISLAND
RASCAL,RASCALS PET MARKET,VICTORIA,TOWN
RAVEN,RAVENLADY OYSTER FORTE dba,UCLUELET,FREIGHT
RAVENS,RAVENSTONE FARM ARTISAN MEATS dba,QUALICUM BEACH,FREIGHT
RAWFEE,RAW FEEDING VICTORIA dba,VICTORIA,TOWN
REBARM,REBAR MODERN FOOD dba,VICTORIA,TOWN
REDESQ,RED BARN - ESQUIMALT,VICTORIA,TOWN
REDLAT,RED BARN - LATORIA WALK LTD.,VICTORIA,TOWN
REDMAT,RED BARN - MATTICK'S,VICTORIA,TOWN
REDOAK,RED BARN - OAK BAY,VICTORIA,TOWN
REDVAN,RED BARN - VANALMAN,VICTORIA,TOWN
REDWSA,RED BARN - WEST SAANICH,VICTORIA,TOWN
REDJAM,RED BARN JAMES BAY -CAPITAL PARK,VICTORIA,TOWN
REDCAN,RED CAN GOURMET LTD.,TOFINO,FREIGHT
REDLION,RED LION INN,VICTORIA,TOWN
REDROO,RED ROOSTER DINER,CHEMANIUS,UPISLAND
REDSGG,RED'S PLACE @ GLACIER GREENS,COMOX,FREIGHT
REDS,RED'S PLACE BAR AND GRILL,COMOX,FREIGHT
HOLIDA,REDD'S ROADHOUSE dba,VICTORIA,TOWN
RENAIS,RENAISSANCE  (CPS)  08107  7324,VICTORIA,TOWN
RENEE,RENEE McLAREN,VICTORIA,TOWN
RENCAT,RENEE'S CATERING,DUNCAN,UPISLAND
RESTHA,REST HAVEN LODGE (CPS) 08107 7251,SIDNEY,TOWN
RETAILP,RETAIL PROMO,,LOOKUP
RHINO,RHINO COFFEE HOUSE dba,TOFINO,FREIGHT
RIPMAR,RIPTIDE MARINA PUB dba,CAMPBELL RIVER,FREIGHT
RISOFO,RISO FOODS INC.,LANTZVILLE,UPISLAND
ROB'SE,ROB'S LIGHTHOUSE EATERY,COWICHAN BAY,UPISLAND
ROBLAK,ROBERTS LAKE RESORT,CAMPBELL RIVER,FREIGHT
ROBPIZ,ROBERTS STREET PIZZA LTD.,LADYSMITH,UPISLAND
ROCKCD,ROCK COD CAFE,COWICHAN BAY,UPISLAND
RCKSLT,ROCK SALT RESTAURANT & CAFE LTD.,SALT SPRING ISLAND,UPISLAND
ROCKYM,ROCKY MOUNTAIN PIZZA & BAKERY,POWELL RIVER,FREIGHT
RODGBAR,ROD AND GUN BAR & GRILL dba,PARKSVILLE,UPISLAND
ROMANSEU,ROMAN'S EUROPEAN CUISINE dba,NANAIMO,UPISLAND
ROMEO2,ROMEO'S (HILLSIDE),VICTORIA,TOWN
ROMEOJ,ROMEO'S (JACKLIN),VICTORIA,TOWN
ROMEOS,ROMEO'S - DOWNTOWN,VICTORIA,TOWN
ROMEOB,ROMEO'S PLACE (BROADMEAD),VICTORIA,TOWN
ROMEOD,ROMEO'S PLACE - DUNCAN,DUNCAN,UPISLAND
ROOTCE,ROOT CELLAR VILLAGE GREEN GROCER,VICTORIA,TOWN
ROSEM,ROSE MANOR 8107 7601,VICTORIA,TOWN
CROSE,"ROSE PUB, THE  dba",VICTORIA,TOWN
ROSEGA,ROSEBANK GARDENS,VICTORIA,TOWN
ROSSBA,ROSS BAY PUB,VICTORIA,TOWN
ROSSPL,ROSS PLACE(CPS) 08107 7876,VANCOUVER,VAN
ROUTE14,ROUTE 14 dba,SOOKE,TOWN
ROXY'S,ROXY'S DINER dba,COMOX,FREIGHT
ROYSTO,ROY'S TOWNE PUB dba,ROYSTON,FREIGHT
ROYALB,ROYAL BAY SECONDARY SCHOOL(CAFETERIA),VICTORIA,TOWN
LEGSSI,ROYAL CANADIAN LEGION BRANCH #92,SALT SPRING ISLAND,UPISLAND
RYLCDN,ROYAL CDN. LEGION BRANCH #134,SHAWNIGAN LAKE,UPISLAND
RYLCLC,ROYAL CDN. LEGION CAMPBELL RVR #137,CAMPBELL RIVER,FREIGHT
ROYALC,ROYAL COLWOOD GOLF,VICTORIA,TOWN
ROYALD,ROYAL DAR,DUNCAN,UPISLAND
ROYALR,ROYAL ROADS CAFE,VICTORIA,TOWN
RSPICE,ROYAL SPICE dba,VICTORIA,TOWN
ROYALV,ROYAL VICTORIA YACHT CLUB,VICTORIA,TOWN
ROYALZ,ROYAL ZAYKA dba,POWELL RIVER,FREIGHT
RUMRUN,RUMRUNNER PUB,SIDNEY,TOWN
RUNGES,RUNGES IMPORTS & DELI,COURTENAY,FREIGHT
RUSFAR,RUSSELL FARMS MARKET dba,WESTHOLME,UPISLAND
S.T.V.,S.T.V. HOLDINGS LTD.,SIDNEY,TOWN
SAANICH,SAANICH SPORTS ASSOCIATION,BRENTWOOD BAY,TOWN
SAFEWAY,SAFEWAY # 4963,POWELL RIVER,FREIGHT
SAKES,SAKE SUSHI LTD,UCLUELET,FREIGHT
MANAGER,SALES MANAGER CASH SALES,,LOOKUP
SALISH,SALISH SEA FOODS LTD.,COMOX,FREIGHT
SSINN,SALT SPRING INN LTD,SALT SPRING ISLAND,UPISLAND
SSPIE,SALT SPRING PIE CO.,SALT SPRING ISLAND,UPISLAND
SALTPU,SALTAIR PUB dba,CHEMAINUS,UPISLAND
SALTC,SALTCHUCK PIE COMPANY LTD,VICTORIA,TOWN
SSCHEE,SALTSPRING ISLAND CHEESE COMPANY LTD,SALTSPRING ISLAND,UPISLAND
SSMERC,SALTSPRING MERCANTILE,SALTSPRING ISLAND,UPISLAND
SAMPLE,SAMPLE PRODUCTS,,LOOKUP
SANDCA,SANDBAR CAFE,QUALICUM BEACH,FREIGHT
SANTIA,SANTIAGO'S,VICTORIA,TOWN
SMITYB,SASSY'S,BRENTWOOD BAY,TOWN
SATELL,SATELLITE FISH COMPANY,SIDNEY,TOWN
SATGEN,SATURNA GENERAL STORE,SATURNA ISLAND,TOWN
SATLODGE,SATURNA LODGE LTD.,SATURNA,TOWN
SOFCR,SAVE ON FOOD CAMPBELL RIVER,CAMPBELL RIVER,FREIGHT
SOFBROOK,SAVE ON FOODS BROOKS LANDING,NANAIMO,UPISLAND
SOFCC,SAVE ON FOODS COUNTRY CLUB,NANAIMO,UPISLAND
SOFDUN,SAVE ON FOODS DUNCAN,DUNCAN,UPISLAND
SOFFORT,SAVE ON FOODS FORT & FOUL BAY,VICTORIA,TOWN
SOFLADY,SAVE ON FOODS LADYSMITH,LADYSMITH,UPISLAND
SOFLANG,SAVE ON FOODS LANGFORD,LANGFORD,TOWN
SOFPAND,SAVE ON FOODS PANDORA,VICTORIA,TOWN
SOFPARKS,SAVE ON FOODS PARKSVILLE,PARKSVILLE,UPISLAND
SOFPORT,SAVE ON FOODS PORT ALBERNI,PORT ALBERNI,FREIGHT
SOFPR,SAVE ON FOODS POWELL RIVER,POWELL RIVER,FREIGHT
SOFSAAN,SAVE ON FOODS SAANICH,SAANICH,TOWN
SOFSID,SAVE ON FOODS SIDNEY,SIDNEY,TOWN
SOFTILL,SAVE ON FOODS TILLICUM,VICTORIA,TOWN
SOFUNI,SAVE ON FOODS UNIVERSITY HEIGHTS,VICTORIA,TOWN
SOFWEST,SAVE ON FOODS WESTSIDE VILLAGE,VICTORIA,TOWN
SOFWOOD,SAVE ON FOODS WOODGROVE,NANAIMO,UPISLAND
SAVOUR,SAVOURY BIGHT,POWELL RIVER,FREIGHT
SAWMILL,SAWMILL TAPHOUSE & GRILL LTD,CHEMAINUS,UPISLAND
SCHOOL63,SCHOOL DISTRICT 63,,LOOKUP
SCHNER,SCHOONER RESTAURANT - TOFINO,TOFINO,FREIGHT
SCOTTYS,SCOTTY'S DOG HOUSE,SIDNEY,TOWN
SEAMON,SEA MONSTER NOODLE BAR,TOFINO,FREIGHT
SEABRZ,SEABREEZE TAKE OUT,CAMPBELL RIVER,FREIGHT
SEACAF,SEAHORSES CAFE,BRENTWOOD BAY,TOWN
SEASIDE,SEASIDE RESTAURANT dba,SALT SPRING ISLAND,UPISLAND
SEAWOK,SEAWOK RESTAURANT,CAMPBELL RIVER,FREIGHT
SEHMIJ,SEHMI JAPANESE RESTAURANT,PORT ALBERNI,FREIGHT
SJAPAN,SEHMI JAPANESE RESTAURANT,COURTENAY,FREIGHT
SELKI,SELKIRK CAFE,VICTORIA,TOWN
SELKIRK,SELKIRK SENIORS VILLAGE(SGP)#51284,VICTORIA,TOWN
SEOM,SEOM RESTAURANT dba,UCLUELET,FREIGHT
SERIOUS,SERIOUS BAKERY NO 1 INC,DUNCAN,UPISLAND
SEVENO,SEVEN OAKS,VICTORIA,TOWN
SEVENS,SEVEN SEAS,RICHMOND,VAN
LAKEGARD,SGP(51216)LAKESIDE GARDEN SENIOR RES.,NANAIMO,UPISLAND
SHADYR,SHADY REST HOTEL,QUALICUM BEACH,FREIGHT
SHANGH,SHANGHAI CITY RESTAURANT,NANAIMO,UPISLAND
WESTSHAN,SHANNON OAKS dba,VICTORIA,TOWN
BITCHIN,SHANZEE'S  BISCUIT CAFE dba,VICTORIA,TOWN
SHAWCA,SHAW CAFE (AC)2864,NANAIMO,UPISLAND
SHAWNC,SHAWN HARTLEY CASH SALE ACCOUNT,,LOOKUP
SHAWPR,SHAWN HARTLEY PROMO ACCOUNT,,LOOKUP
SHAWNIG,SHAWNIGAN LAKE SCHOOL,SHAWNIGAN LAKE,UPISLAND
SHE'SCR,SHE'S CRAFTY dba,VICTORIA,TOWN
SHED,SHED dba.,TOFINO,FREIGHT
SHELTE,SHELTER RESTAURANT,TOFINO,FREIGHT
SHERWO,SHERWOOD HOUSE(SGP)51035,DUNCAN,UPISLAND
SHINGL,SHINGLEMILL PUB & BISTRO,POWELL RIVER,FREIGHT
SHIPAND,SHIP AND SHORE MARINE LTD,BOWSER,FREIGHT
SHIPYA,SHIP YARD RESTAURANT & PUB,DUNCAN,UPISLAND
SHIZEN,SHIZEN SUSHI,VICTORIA,TOWN
SHOAL,SHOAL CENTRE(SGP)51140,VICTORIA,TOWN
SHOPAN,SHOP AND SAVE STORE,YOUBOU,UPISLAND
SHORE,SHORE RESTAURANT dba,QUALICUM BEACH,FREIGHT
SIDALL,SIDNEY ALL CARE(o/a)(CPS)08107 7899,SIDNEY,TOWN
SIDBAK,SIDNEY BAKERY,SIDNEY,TOWN
SIDINT,SIDNEY CARE HOME (CPS)08107 7908,SIDNEY,TOWN
SIDFIRE,SIDNEY FIREMAN'S ASSOCIATION,SIDNEY,TOWN
SIDLIO,SIDNEY LIONS,,LOOKUP
SIDNOR,SIDNEY NORTH SAANICH YACHT CLUB,SIDNEY,TOWN
SMEADO,SILVER MEADOWS FARM,ERRINGTON,UPISLAND
SIHOLT,SIMONHOLT FOOD & DRINK dba,NANAIMO,UPISLAND
SIXMILEB,SIX MILE BAKERY,VICTORIA,TOWN
SIXMIP,SIX MILE PUB,VICTORIA,TOWN
SIZZWEST,SIZZLING TANDOOR RESTAURANT LTD,VICTORIA,TOWN
SIZZJOHN,SIZZLING TANDOOR RESTAURANT LTD.,VICTORIA,TOWN
SIZZUPTO,SIZZLING TANDOOR RESTAURANT LTD.,VICTORIA,TOWN
SLATR1,SLATERS 1ST CLASS MEATS,VICTORIA,TOWN
SMIDUN,SMITTY'S - DUNCAN,DUNCAN,UPISLAND
SMITNAN,SMITTY'S - NANAIMO,NANAIMO,UPISLAND
SMITTS,SMITTY'S - SIDNEY,SIDNEY,TOWN
SMIPOR,SMITTY'S dba,PORT ALBERNI,FREIGHT
SMITPARK,SMITTY'S PARKSVILLE dba,PARKSVILLE,UPISLAND
SMNORTH,SMITTY'S ROCK CITY (NORTH) dba,NANAIMO,UPISLAND
SMOKENW,SMOKE N WATER RESTAURANT INC,NANOOSE,UPISLAND
SMKMASTR,SMOKEMASTERS GOURMET FOODS,QUALICUM BEACH,FREIGHT
SMOKINB,SMOKIN BARREL'S BBQ & CATERING dba,,LOOKUP
SMOKGE,SMOKIN GEORGE'S BBQ,NANAIMO,UPISLAND
SMUGGL,SMUGGLERS COVE PUB,VICTORIA,TOWN
SNACK,SNACK ATTACK SHACK,POWELL RIVER,FREIGHT
SNICKE,SNICKERS PIZZA,POWELL RIVER,FREIGHT
SOBORE,SOBO RESTAURANT,TOFINO,FREIGHT
SOLDAS,SOLDA'S RESTAURANT LTD.,PORT ALBERNI,FREIGHT
SOLID,SOLIDARITY SNACKS,UCLUELET,FREIGHT
SGPSOMER,SOMERSET HOUSE (SGP) 51174,VICTORIA,TOWN
SONGHE,SONGHEES NATION,VICTORIA,TOWN
SOOKEB,SOOKE BISTRO,SOOKE,TOWN
SOURPI,SOUR PICKLE,VICTORIA,TOWN
SOUTHM,SOUTH MALAHAT 4-H,VICTORIA,TOWN
SPITFI,SPIT FIRE GRILL,SIDNEY,TOWN
SPORTS,SPORTSMAN STEAKHOUSE,PORT MCNEILL,FREIGHT
SPRTSM,SPORTY'S BAR & GRILL,PORT HARDY,FREIGHT
SPRINGW,SPRINGWATER LODGE dba,MAYNE ISLAND,P/U
STMARGA,ST MARGARET'S SCHOOL dba,VICTORIA,TOWN
STANDR,ST. ANDREW'S HIGH SCHOOL,VICTORIA,TOWN
STCHAR,ST. CHARLES MANOR(SGP)51211,VICTORIA,TOWN
STMICH,ST. MICHAELS UNIVERSITY SCHOOL,VICTORIA,TOWN
STAFF_CA,STAFF CASH OR DEBIT ORDERS,,LOOKUP
STAFF_01,STAFF PURCHASES,,LOOKUP
STANFO,STANFORD SENIORS VILLAGE(SGP)#51285,PARKSVILLE,UPISLAND
STARBO,STARBOARD GRILL,PORT ALBERNI,FREIGHT
STARFS,STARFISH CAFE & CATERING,SIDNEY,TOWN
STARKS,STARKES DELI & MEATS,SIDNEY,TOWN
STATSTR,STATION STREET CAFE(dba),DUNCAN,UPISLAND
STEAMS,STEAMSHIP GRILL& TAPHOUSE,VICTORIA,TOWN
STELLAR,STELLER FOOD GROUP dba,NANOOSE BAY,UPISLAND
MARPLC,STEVEN OVERHOLT (SALTSPRING ISL),SALTSPRING ISLAND,UPISLAND
STEVEN,STEVENSON PLACE(SGP)51025,COMOX,FREIGHT
STOREY,STOREY CREEK GOLF & RECREATION,CAMPBELL RIVER,FREIGHT
STRATH,STRATHCONA (STICKY WICKET),VICTORIA,TOWN
STRAPK,STRATHCONA PARK LODGE,STRATHCONA PARK,FREIGHT
STRAWB,STRAWBERRY VALE FASTBALL,VICTORIA,TOWN
STRIKER,STRIKERS BAR & GRILL dba,POWELL RIVER,FREIGHT
SULTP,SULT PIEROGI BAR dba,VICTORIA,TOWN
SUMMIT,SUMMIT AT QUADRA VILLAGE(CPS) 08107 9178,VICTORIA,TOWN
SUNRIS,SUNRISE ASSISTED LIVING(SGP)51127,PORTLAND,N/A
SUNSET,SUNSET LODGE 8107 7722 dba,RICHMOND HILL,N/A
SUPERE,SUPERETTE FOODS,NANAIMO,UPISLAND
SURFGR,SURFSIDE GRILL,TOFINO,FREIGHT
SURLY,"SURLY MERMAID, THE",SIDNEY,TOWN
SUSHII,SUSHI ICHI,PARKSVILLE,UPISLAND
SUTRA,SUTRA dba,VICTORIA,TOWN
SWALEC,SWALE ROCK CAFE,PORT ALBERNI,FREIGHT
TACOJU,TACO JUSTICE,VICTORIA,TOWN
TACOREV,TACO REVOLUTION dba,COBBLE HILL,UPISLAND
TACOTOWN,TACO THE TOWN,POWELL RIVER,FREIGHT
TAJIND,TAJ TASTE OF INDIA dba,VICTORIA,TOWN
TANRES,TANIA'S RESTAURANT dba,NANAIMO,UPISLAND
TSTOFT,TASTE OF TOKYO JAPANESE RESTAURANT,SIDNEY,TOWN
TASTEFUL,TASTEFUL ESSENTIALS,PARKSVILLE,UPISLAND
TEALC,TEALC CAFE /BC CANCER AGENCY,VICTORIA,TOWN
TERROL,TERIYAKI AND ROLL,VICTORIA,TOWN
TERIYAKI,TERIYAKI HOUSE dba,SOOKE,TOWN
THATLIL,"THAT LIL"" PASTA PLACE""",VICTORIA,TOWN
CHICPL,THAT CHICKEN PLACE INC.,POWELL RIVER,FREIGHT
THEGRI,THE GRILLER,VICTORIA,TOWN
WESHEIGH,THE HEIGHTS AT MT. VIEW dba,VICTORIA,TOWN
LAKEHOU,THE LAKEHOUSE AT SHAWNIGAN dba,SHAWNIGAN LAKE,UPISLAND
THIRDW,THIRD WAVE COFFEE COMPANY,CROFTON,UPISLAND
THRIFT,THRIFTY #1,VICTORIA,TOWN
THRIF2,THRIFTY #2,VICTORIA,TOWN
THRIF3,THRIFTY #3,Mill Bay,UPISLAND
THRIF4,THRIFTY #4,SIDNEY,TOWN
THRIF6,THRIFTY #6,VICTORIA,TOWN
THRIF7,THRIFTY #7,NANAIMO,UPISLAND
THRIF8,THRIFTY #8,VICTORIA,TOWN
THRIF9,THRIFTY #9,VICTORIA,TOWN
THRFCO,THRIFTY COMMISSARY,VICTORIA,TOWN
THRI33,THRIFTY FOODS # 33,LANGFORD,TOWN
THRI10,THRIFTY FOODS #10,PARKSVILLE,UPISLAND
THRI11,THRIFTY FOODS #11,SALTSPRING ISLAND,UPISLAND
THRI13,THRIFTY FOODS #13,VICTORIA,TOWN
THRF14,THRIFTY FOODS #14,SAANICHTON,TOWN
THRF15,THRIFTY FOODS #15,VICTORIA,TOWN
THRI16,THRIFTY FOODS #16,NANAIMO,UPISLAND
THRI17,THRIFTY FOODS #17,VICTORIA,TOWN
THRI18,THRIFTY FOODS #18,DELTA,VAN
THRI19,THRIFTY FOODS #19,CAMPBELL RIVER,FREIGHT
THRI21,THRIFTY FOODS #21,SAANICHTON,TOWN
THRI23,THRIFTY FOODS #23,PORT MOODY,VAN
THRI24,THRIFTY FOODS #24,SURREY,VAN
THRI26,THRIFTY FOODS #26,NORTH VANCOUVER,VAN
THRI27,THRIFTY FOODS #27,DUNCAN,UPISLAND
THRI29,THRIFTY FOODS #29,COURTENAY,FREIGHT
THRI31,THRIFTY FOODS #31,MAPLE RIDGE,VAN
THRI34,THRIFTY FOODS #34,COURTENAY,FREIGHT
THRF35,THRIFTY FOODS #35,NORTH VANCOUVER,VAN
THRIFW,THRIFTY HEAD OFFICE,SAANICHTON,TOWN
THUNDE,THUNDER'S TRUCK,CHEMAINUS,UPISLAND
THUNCHI,THUNDERBIRD CHICKEN,VICTORIA,TOWN
THUNDER,THUNDERBIRD KOREAN FRIED CHICKEN (COOK),VICTORIA,TOWN
SUBONT,TIA MEI'S CAFE,NANAIMO,UPISLAND
BO-BAN,TIA'S CAFE (dba),PORT MCNEILL,FREIGHT
TIBKIT,TIBETAN KITCHEN dba,VICTORIA,TOWN
TIDCAF,TIDAL CAFE,COMOX,FREIGHT
TIDALNAN,TIDAL TACOS NANAIMO,NANAIMO,UPISLAND
TIMPUB,TIMBERLAND PUB,LADYSMITH,UPISLAND
TINWIS,TIN WIS RESORT LTD,TOFINO,FREIGHT
TODAYS,TODAYS LUNCH COMPANY,VICTORIA,TOWN
WEIGHW,TOFINO RESORT + MARINA,PRINCE GEORGE,N/A
TOFINOW,TOFINO WILDERNESS RESORT LTD.,TOFINO,FREIGHT
TOGO,TOGO SUSHI,VICTORIA,TOWN
TOM&JER,TOM & JERRY'S SAUSAGE,PENDER ISLAND,TOWN
TOMBR,TOM BREMNER,SALT SPRING ISLAND,UPISLAND
TOMI'S,TOMI'S HOME COOKING,PORT RENFREW,FREIGHT
TOMMAR,TOMLEY'S MARKET dba,VICTORIA,TOWN
TOMMSM,TOMM'S MANAGEMENT HOLDINGS INC,BOWSER,FREIGHT
TONYFUN,TONY FUNDRAISER,VICTORIA,TOWN
TONYSC,TONY'S CASH SALES,,LOOKUP
TONYPR,TONY'S PROMO ACCOUNT,,LOOKUP
TODOGP,TOP DOG PIZZA,VICTORIA,TOWN
TOQUECA,TOQUE CATERING dba,VICTORIA,TOWN
TOSCANO,TOSCANO'S TRATTORIA LTD,COMOX,FREIGHT
TOUGHC,TOUGH CITY SUSHI,TOFINO,FREIGHT
TOWERF,TOWER FENCE PRODUCTS LTD.,VICTORIA,TOWN
TOWNLC,TOWN OF LAKE COWICHAN,LAKE COWICHAN,UPISLAND
TOWNSG,TOWNSITE GROCERY dba,NANAIMO,UPISLAND
TRAILH,TRAILHEAD RESORT LTD,PORT RENFREW,FREIGHT
TREES,TREES,PARKSVILLE,UPISLAND
TREERES,TREES RESTAURANT,VICTORIA,TOWN
TRILLI,TRILLIUM LODGE(CPS)08107 7334,PARKSVILLE,UPISLAND
TROLLE,TROLLERS FISH AND CHIPS dba,NANAIMO,UPISLAND
HERIOT,TRU VALUE FOODS-HERIOT BAY,HERIOT BAY,FREIGHT
MAYNET,TRU VALUE FOODS-MAYNE ISLAND,SAANICHTON,TOWN
TRUVAL,TRU VALUE FOODS-PENDER ISLAND,PENDER ISLAND,TOWN
Q-COVET,TRU VALUE FOODS-QUALTHIASKI COVE,QUALTHIASKI COVE,FREIGHT
TRUFFL,TRUFFLES CATERING,VICTORIA,TOWN
TSOWTUN,TSOW-TUN LE LUM SOCIETY(CPS)08107 7624,LANTZVILLE,UPISLAND
TUFFBEAN,TUFF BEANS LTD.,TOFINO,FREIGHT
TWIG,TWIG & BUOY,SALTSPRING ISLAND,UPISLAND
UCBREW,UCLUELET BREWING COMPANY dba,UCLUELET,FREIGHT
UCGENST,UCLUELET GENERAL STORE,UCLUELET,FREIGHT
UKEEDOGS,UKEE DOGS TAQUERIA,UCLUELET,FREIGHT
UNIFOR,UNIFOR LOCAL 333BC,VICTORIA,TOWN
UNIONBAY,UNION BAY PIZZA & THE FOOD TRUCK dba,UNION BAY,FREIGHT
UNIONC,UNION CLUB,VICTORIA,TOWN
UNISPEC,UNION SPECIALTY MEATS,CUMBERLAND,FREIGHT
UNISTR,UNION STREET GRILL & GROTTO (DBA),COURTENAY,FREIGHT
UVICFO,UNIVERSITY OF VICTORIA FOOD SERVICES,VICTORIA,TOWN
UPLNDS,UPLANDS GOLF CLUB,VICTORIA,TOWN
URBANG,URBAN GROCER dba,VICTORIA,TOWN
UTOPBAK,UTOPIA BAKERY CAFE,CHEMAINUS,UPISLAND
UVFACC,UVIC - UNIVERSITY CLUB,VICTORIA,TOWN
UVICST,UVIC STUDENT SOCIETY,VICTORIA,TOWN
VIGREEK,VANCOUVER ISLAND GREEK ASSOCIATION,VICTORIA,TOWN
MALASP,VANCOUVER ISLAND UNIVERSITY,NANAIMO,UPISLAND
VICIOUS,"VICIOUS POODLE, THE",VICTORIA,TOWN
EDELWE,VICTORIA EDELWEISS CLUB,VICTORIA,TOWN
VICGOL,VICTORIA GOLF CLUB,VICTORIA,TOWN
VICHARB,VICTORIA HARBOUR HOUSE RESTAURANT dba,VICTORIA,TOWN
VICMAR,VICTORIA MARRIOTT,VICTORIA,TOWN
VICPIES,VICTORIA PIE CO.,VICTORIA,TOWN
VICATMC,VICTORIAN AT MCKENZIE(CPS) 08107 7956,VICTORIA,TOWN
ABERDEEN,VIHA-ABERDEEN HOSPITAL-FOOD SERV-56850,VICTORIA,TOWN
GLENHOSP,VIHA-GLENGARRY HOSPITAL-FOOD SERV-56840,VICTORIA,TOWN
GORGE,VIHA-GORGE ROAD HOSP-FOOD SERV-56880,VICTORIA,TOWN
MTTOLMIE,VIHA-MT TOLMIE HOSPITAL FOOD SERV-56860,VICTORIA,TOWN
PRIORY,VIHA-PRIORY HOSPITAL-FOOD SERV-56870,VICTORIA,TOWN
QUEENA,VIHA-QUEEN ALEXANDER CENTRE-FOODS 56830,VICTORIA,TOWN
ROYALJ,VIHA-ROYAL JUBILEE HOSP. PATIENT-65108,CANADA,N/A
SAANPEN,VIHA-SAANICH PENINSULA HOSP. FOODS-56820,SAANICHTON,TOWN
VICGEN,VIHA-VIC GENERAL HOSPITAL PATIENT-65111,VICTORIA,TOWN
VILLAEY,VILLA EYRIE RESORT dba,MALAHAT,UPISLAND
VILLCT,"VILLAGE CHINATOWN, THE",VICTORIA,TOWN
VILLCOOK,"VILLAGE COOK ST, THE",VICTORIA,TOWN
VILLEST,"VILLAGE ESTEVAN, THE",VICTORIA,TOWN
THRI14,VILLAGE FOOD MARKET (LOGAN),SOOKE,TOWN
VILLRO,"VILLAGE ROYAL OAK, THE",VICTORIA,TOWN
VILLTOR,"VILLAGE TORQUAY, THE",VICTORIA,TOWN
VINE,"VINE, THE dba",COWICHAN BAY,UPISLAND
VITAL,VITAL VITTLES,SOOKE,TOWN
WOLFMP,W.O.L.F MEAL PREP,VICTORIA,TOWN
BELLAB,WAGLISLA BAND STORE,WAGLISLA,N/A
RETAIL,WARREN'S CASH SALES,,LOOKUP
PRORET,WARREN'S PROMO ACCOUNT,,LOOKUP
WASABI,WASABIYA JAPANESE SUSHI CAFE,CAMPBELL RIVER,FREIGHT
WAVER,"WAVERLEY HOTEL, THE dba",CUMBERLAND,FREIGHT
WEDGEW,WEDGEWOOD HOUSE(SGP)51027,VICTORIA,TOWN
WELLBU,WELLBURN'S MARKET,VICTORIA,TOWN
WELLSL,WELLESLEY (SGP)#51288,VICTORIA,TOWN
WELLIN,WELLINGTON PUB / HOTEL,NANAIMO,UPISLAND
WEPAC,WEPAC LUNCH PROGRAM,TOFINO,FREIGHT
SOUTHSE,WESCADIA,RICHMOND,VAN
WESCST,WEST COAST GENERAL HOSP.(CPS)08107 7336,PORT ALBERNI,FREIGHT
WESTPAC,WEST PACIFIC SEAFOOD,TOFINO,FREIGHT
COASTW,WESTERLY HOTEL,COURTENAY,FREIGHT
WESTE2,WESTERN FOODS #2  SOOKE,SOOKE,TOWN
WESTINB,WESTIN BEAR MT. GOLF RESORT & SPA LTD.,VICTORIA,TOWN
WESBEAR,WESTIN BEAR MTN.GOLF & SPA (dba),VICTORIA,TOWN
WSLODGE,WESTSHORE LODGE(SGP)51213,VICTORIA,TOWN
WHEATS,WHEATSHEAF INN,NANAIMO,UPISLAND
WHEELIES,WHEELIES MOTORCYCLES,VICTORIA,TOWN
WHISTL,WHISTLE STOP PUB,COURTENAY,FREIGHT
WHITET,WHITE TOWER RESTAURANT,CAMPBELL RIVER,FREIGHT
WHOLEB,WHOLE BEAST SALUMERIA,VICTORIA,TOWN
WILD1,WILD 1 COOKHOUSE,GALIANO ISLAND,P/U
WILDSI,WILDSIDE GRILL,TOFINO,FREIGHT
WILLMH,WILLIAM HEAD INSTITUTE,VICTORIA,TOWN
WILLOWS,WILLOWS GALLEY,VICTORIA,TOWN
WINDCRM,WIND CRIES MARY,VICTORIA,TOWN
WINDWA,WINDWARD PUB,NANAIMO,UPISLAND
WITSEND,WITS END RETREAT,VICTORIA,TOWN
WOLFIN,WOLF IN THE FOG,TOFINO,FREIGHT
WOODGRO,WOODGROVE MANOR(SGP)51213,NANAIMO,UPISLAND
WSIKEM,WSIKEM SUNSET CAFE,SIDNEY,TOWN
YELPNT,YELLOW POINT LODGE,LADYSMITH,UPISLAND
YORKST,YORK ST. DINER,DUNCAN,UPISLAND
YOSSUS,YOSHI SUSHI (2010) LTD.  - VICTORIA,VICTORIA,TOWN
YOUBOUBG,YOUBOU BAR & GRILL dba,YOUBOU,UPISLAND
YOURI,YOUR ISLAND KITCHEN DEPOT,CAMPBELL RIVER,FREIGHT
YUCALT,YUCALTA LODGE(CPS)08107 7341,CAMPBELL RIVER,FREIGHT
ZACKS,ZACK'S LOUNGE dba,LADYSMITH,UPISLAND
ZAMBRI,ZAMBRI'S,VICTORIA,TOWN
ZANZIB,ZANZIBAR CAFE,BRENTWOOD BAY,TOWN
ZOUGLA,ZOUGLA RESTAURANT,NANAIMO,UPISLAND
